,Weight ,Shoulder breadth ,Chest circumference ,Waist circumference,Size
0,155,282,526,475,0
1,176,273,564,498,0
2,230,309,601,520,0
3,165,253,532,491,0
4,150,273,501,465,0
5,179,279,558,503,0
6,134,249,503,459,0
7,135,251,502,461,0
8,194,296,553,507,0
9,188,284,563,535,0
10,165,263,560,521,0
11,351,389,728,641,1
12,499,396,775,664,1
13,558,402,859,723,2
14,400,353,711,652,1
15,484,395,799,695,1
16,359,355,712,612,1
17,378,361,692,626,1
18,350,338,702,603,1
19,432,391,746,644,1
20,425,386,786,696,1
21,341,356,713,646,1
22,416,384,738,761,1
23,496,425,869,783,2
24,548,416,841,688,2
25,368,346,701,580,1
26,440,380,757,636,1
27,415,368,738,635,1
28,429,366,730,678,1
29,405,385,750,598,1
30,858,447,988,983,2
31,436,391,756,671,1
32,444,353,726,668,1
33,536,413,787,694,1
34,508,396,785,701,1
35,517,439,839,680,1
36,316,344,690,587,1
37,664,440,871,867,2
38,365,373,733,621,1
39,535,399,781,659,1
40,498,403,800,732,1
41,349,355,682,577,1
42,340,363,686,616,1
43,773,454,935,848,2
44,553,408,779,663,1
45,626,432,860,732,2
46,371,354,692,641,1
47,584,450,846,842,2
48,371,369,727,626,1
49,334,342,657,606,1
50,351,358,734,611,1
51,196,290,564,512,0
52,222,290,595,504,0
53,410,373,726,641,1
54,181,266,536,458,0
55,158,256,518,445,0
56,306,327,659,624,1
57,320,330,660,576,0
58,282,344,635,567,0
59,237,307,600,519,0
60,412,383,765,752,1
61,309,315,665,593,0
62,326,329,635,555,0
63,320,341,740,594,1
64,205,280,546,524,0
65,235,298,584,553,0
66,244,308,610,537,0
67,267,311,637,542,0
68,235,294,597,593,0
69,283,329,639,593,0
70,355,345,713,647,1
71,176,274,514,522,0
72,250,307,630,554,0
73,266,335,635,582,0
74,161,268,521,490,0
75,196,290,570,505,0
76,220,294,600,522,0
77,380,352,728,702,1
78,211,291,582,516,0
79,352,326,691,577,1
80,256,320,620,563,0
81,465,424,852,773,1
82,526,420,818,760,2
83,545,393,898,903,2
84,306,335,667,556,0
85,592,396,831,873,2
86,311,338,649,552,0
87,304,317,639,556,0
88,316,327,633,550,0
89,307,330,669,564,0
90,388,355,706,644,1
91,406,363,754,646,1
92,402,377,750,651,1
93,415,370,746,632,1
94,392,394,728,620,1
95,344,352,684,595,1
96,350,352,684,594,1
97,260,319,614,520,0
98,348,335,672,635,1
99,335,345,677,620,1
100,420,389,776,615,1
101,460,380,755,681,1
102,362,361,697,616,1
103,360,362,713,681,1
104,332,340,719,638,1
105,353,363,729,625,1
106,500,388,842,773,2
107,330,355,692,569,1
108,756,456,971,764,2
109,801,474,1033,803,2
110,754,481,972,781,2
111,787,491,955,846,2
112,671,463,952,732,2
113,800,487,937,805,2
114,1062,516,1111,1063,2
115,731,453,926,739,2
116,707,451,946,790,2
117,466,388,803,711,1
118,509,394,820,660,1
119,613,402,863,677,2
120,567,398,786,765,2
121,654,424,825,730,2
122,605,419,828,765,2
123,490,404,806,709,1
124,485,385,770,621,1
125,510,393,823,719,1
126,502,402,783,695,1
127,520,420,828,721,2
128,582,389,800,795,2
129,411,375,721,674,1
130,507,406,766,704,1
131,452,389,827,665,1
132,475,396,755,685,1
133,495,408,763,683,1
134,520,421,773,694,1
135,477,391,824,697,1
136,465,411,850,731,1
137,529,407,860,680,2
138,445,376,750,665,1
139,464,376,765,710,1
140,577,391,824,716,2
141,583,403,886,746,2
142,510,403,811,696,1
143,581,416,847,724,2
144,482,408,782,710,1
145,748,473,1036,1054,2
146,635,462,860,759,2
147,628,431,870,859,2
148,964,517,1054,985,2
149,392,368,752,589,1
150,474,412,786,651,1
151,535,411,845,658,1
152,810,474,930,911,2
153,517,406,836,671,1
154,651,449,918,740,2
155,581,416,843,677,2
156,639,452,920,749,2
157,795,506,957,750,2
158,696,473,965,739,2
159,395,358,706,615,1
160,503,376,800,757,1
161,725,446,904,880,2
162,500,372,769,706,1
163,447,367,750,721,1
164,552,418,857,719,2
165,196,284,578,509,0
166,182,273,546,487,0
167,233,291,587,526,0
168,174,266,523,497,0
169,154,253,496,471,0
170,162,253,494,496,0
171,177,285,530,526,0
172,136,244,495,444,0
173,203,271,571,524,0
174,542,409,925,855,2
175,313,332,656,636,1
176,280,318,620,562,0
177,270,311,613,579,0
178,230,300,577,548,0
179,436,385,817,845,1
180,225,296,593,520,0
181,343,351,677,597,1
182,240,310,599,529,0
183,265,311,632,558,0
184,288,326,645,533,0
185,201,284,552,465,0
186,206,282,545,507,0
187,235,295,595,502,0
188,171,278,542,444,0
189,184,273,528,459,0
190,156,267,527,466,0
191,329,343,664,631,1
192,261,310,595,531,0
193,244,311,594,538,0
194,276,332,626,548,0
195,230,301,594,542,0
196,175,269,538,498,0
197,384,361,681,636,1
198,228,291,567,536,0
199,280,318,635,556,0
200,208,288,584,504,0
201,206,286,550,454,0
202,207,292,601,522,0
203,280,310,628,594,0
204,243,321,639,565,0
205,241,302,594,498,0
206,288,332,607,566,0
207,294,316,672,638,1
208,207,288,582,511,0
209,217,286,558,511,0
210,245,307,606,503,0
211,225,304,609,541,0
212,328,362,659,583,1
213,202,282,554,509,0
214,257,322,637,529,0
215,214,292,578,518,0
216,344,345,749,664,1
217,185,271,556,509,0
218,200,293,562,508,0
219,240,306,608,531,0
220,213,292,586,541,0
221,138,260,500,448,0
222,165,249,531,469,0
223,187,256,575,493,0
224,168,269,548,483,0
225,162,268,525,487,0
226,137,240,500,448,0
227,127,234,470,413,0
228,125,249,489,462,0
229,188,275,559,502,0
230,193,261,535,509,0
231,182,274,556,481,0
232,153,260,510,514,0
233,209,276,543,553,0
234,149,237,514,482,0
235,216,283,577,480,0
236,168,267,554,482,0
237,235,281,591,581,0
238,167,252,511,500,0
239,204,275,572,522,0
240,177,264,515,494,0
241,162,258,504,491,0
242,162,250,492,465,0
243,139,238,492,457,0
244,180,276,558,502,0
245,227,294,605,585,0
246,177,275,546,507,0
247,157,252,513,479,0
248,151,244,496,481,0
249,195,263,512,519,0
250,172,259,516,488,0
251,197,272,537,518,0
252,167,258,551,483,0
253,163,269,503,482,0
254,166,244,510,507,0
255,114,231,446,460,0
256,189,253,542,529,0
257,168,261,551,538,0
258,280,305,605,578,0
259,214,277,543,518,0
260,457,373,789,729,1
261,728,445,932,772,2
262,600,412,848,684,2
263,490,372,767,688,1
264,660,414,939,895,2
265,430,400,735,585,1
266,561,414,829,711,2
267,627,443,914,718,2
268,360,345,724,570,1
269,263,309,624,518,0
270,188,276,558,513,0
271,178,248,524,493,0
272,490,386,833,692,1
273,490,365,789,640,1
274,536,401,850,690,2
275,546,379,820,708,2
276,328,324,638,597,1
277,163,258,528,498,0
278,232,283,605,556,0
279,374,331,703,610,1
280,254,304,650,565,0
281,176,277,535,463,0
282,298,316,640,571,0
283,330,330,682,557,1
284,324,328,658,591,1
285,340,326,647,596,1
286,393,351,726,629,1
287,294,319,618,609,0
288,225,290,586,523,0
289,342,333,685,592,1
290,170,270,555,501,0
291,220,290,563,511,0
292,470,385,784,644,1
293,428,349,751,653,1
294,200,281,548,513,0
295,174,260,526,467,0
296,274,316,620,540,0
297,305,312,620,598,0
298,203,283,553,532,0
299,181,274,563,512,0
300,256,302,611,534,0
301,186,269,533,516,0
302,263,305,632,584,0
303,433,366,753,585,1
304,449,365,779,640,1
305,113,240,467,457,0
306,243,305,593,537,0
307,160,269,532,479,0
308,260,291,582,530,0
309,224,298,628,556,0
310,165,268,549,484,0
311,509,387,855,701,1
312,427,356,727,623,1
313,359,329,691,639,1
314,292,312,660,605,0
315,138,261,484,476,0
316,181,276,548,498,0
317,304,328,667,567,0
318,325,328,676,609,1
319,293,323,664,563,0
320,182,260,529,472,0
321,499,391,841,838,2
322,301,331,705,668,1
323,483,379,792,737,1
324,316,325,674,590,1
325,400,367,839,793,1
326,410,342,727,743,1
327,391,368,709,665,1
328,310,327,661,600,1
329,245,307,624,526,0
330,265,318,632,524,0
331,200,281,558,511,0
332,199,272,569,499,0
333,270,313,622,584,0
334,278,311,636,587,0
335,261,314,619,578,0
336,191,269,556,520,0
337,234,290,565,551,0
338,192,272,539,527,0
339,255,313,622,579,0
340,322,321,663,582,1
341,341,339,695,582,1
342,326,321,641,591,0
343,342,348,723,602,1
344,448,385,803,690,1
345,295,327,656,554,0
346,276,321,634,571,0
347,276,305,632,556,0
348,379,337,740,680,1
349,298,314,739,578,1
350,254,286,620,524,0
351,275,324,633,575,0
352,285,316,649,592,0
353,262,309,596,571,0
354,237,300,604,555,0
355,386,340,715,638,1
356,265,314,656,577,0
357,206,282,581,516,0
358,188,275,552,536,0
359,157,245,489,455,0
360,236,303,588,557,0
361,277,297,606,598,0
362,230,291,575,504,0
363,286,309,601,590,0
364,324,317,666,559,0
365,207,274,540,487,0
366,396,360,749,725,1
367,305,316,649,583,0
368,242,288,600,544,0
369,248,299,609,555,0
370,268,313,642,540,0
371,428,345,709,764,1
372,246,303,623,579,0
373,311,307,629,618,0
374,165,260,509,494,0
375,232,291,595,587,0
376,259,306,583,604,0
377,196,300,563,523,0
378,474,387,810,763,1
379,431,370,771,664,1
380,174,267,513,478,0
381,203,276,559,503,0
382,310,328,657,585,0
383,549,407,868,878,2
384,436,349,769,728,1
385,331,336,672,589,1
386,383,353,703,603,1
387,463,360,745,709,1
388,308,327,668,538,0
389,209,294,586,546,0
390,226,288,590,524,0
391,520,391,808,741,1
392,565,381,821,718,2
393,434,356,738,633,1
394,242,286,619,518,0
395,255,287,639,542,0
396,310,322,661,585,0
397,575,362,792,710,2
398,478,364,745,677,1
399,403,339,742,636,1
400,364,328,727,605,1
401,369,337,685,646,1
402,437,352,738,665,1
403,533,414,821,677,1
404,546,389,788,732,2
405,515,371,817,750,1
406,472,370,721,671,1
407,339,345,680,594,1
408,306,320,658,553,0
409,645,422,884,852,2
410,600,407,810,778,2
411,565,396,772,813,2
412,427,353,688,613,1
413,406,335,701,670,1
414,242,300,581,539,0
415,359,354,707,668,1
416,390,353,712,643,1
417,313,320,648,593,0
418,265,320,633,563,0
419,291,314,635,627,0
420,470,376,774,679,1
421,366,359,699,625,1
422,428,362,731,654,1
423,253,311,603,557,0
424,227,291,583,564,0
425,329,332,650,547,0
426,385,377,735,632,1
427,428,353,745,575,1
428,355,342,689,587,1
429,320,334,664,599,1
430,350,335,717,626,1
431,470,389,750,668,1
432,297,316,658,607,0
433,353,356,744,672,1
434,240,294,591,599,0
435,230,302,575,525,0
436,302,322,663,542,0
437,342,337,690,574,1
438,364,340,704,605,1
439,305,321,663,618,1
440,222,307,574,569,0
441,191,291,574,505,0
442,281,325,645,584,0
443,347,347,690,572,1
444,483,369,785,709,1
445,450,364,759,740,1
446,222,281,596,526,0
447,251,299,603,563,0
448,180,265,559,501,0
449,252,322,643,549,0
450,233,287,592,543,0
451,285,320,642,554,0
452,336,335,674,560,1
453,191,254,555,509,0
454,207,274,565,528,0
455,277,332,646,565,0
456,322,332,677,574,1
457,363,334,724,612,1
458,355,322,642,602,1
459,460,348,758,812,1
460,434,362,756,712,1
461,204,288,564,496,0
462,167,248,524,457,0
463,206,286,564,545,0
464,200,272,569,521,0
465,201,298,557,538,0
466,235,318,601,540,0
467,200,268,576,502,0
468,253,312,631,559,0
469,137,217,495,489,0
470,164,257,510,459,0
471,169,261,530,500,0
472,161,262,526,482,0
473,221,294,608,517,0
474,246,306,603,554,0
475,276,307,634,536,0
476,305,326,654,615,1
477,443,364,728,707,1
478,188,256,570,524,0
479,310,334,701,681,1
480,271,317,647,582,0
481,333,328,648,585,1
482,475,402,792,784,1
483,251,294,632,541,0
484,261,296,625,534,0
485,208,281,598,504,0
486,240,318,621,566,0
487,237,289,590,547,0
488,309,323,638,562,0
489,324,340,687,542,1
490,474,384,764,718,1
491,319,321,654,571,0
492,436,372,758,707,1
493,323,328,687,622,1
494,283,323,613,560,0
495,437,355,745,631,1
496,518,394,790,624,1
497,526,373,748,707,1
498,298,360,713,622,1
499,434,374,754,634,1
500,413,359,712,615,1
501,586,418,806,674,2
502,376,338,687,597,1
503,434,355,743,654,1
504,358,373,715,641,1
505,462,382,780,758,1
506,530,378,790,691,1
507,438,363,744,635,1
508,434,359,755,700,1
509,457,359,749,611,1
510,490,362,790,690,1
511,452,373,736,686,1
512,676,464,915,931,2
513,485,381,766,701,1
514,336,335,674,610,1
515,373,340,691,662,1
516,494,378,763,721,1
517,196,267,546,499,0
518,215,264,576,483,0
519,349,336,676,598,1
520,295,308,631,512,0
521,436,374,773,637,1
522,177,251,525,478,0
523,336,328,694,583,1
524,251,306,608,577,0
525,254,298,584,540,0
526,321,312,637,596,0
527,214,286,576,539,0
528,288,320,671,634,1
529,285,312,625,621,0
530,228,286,609,500,0
531,296,318,659,687,1
532,245,290,599,517,0
533,390,340,697,601,1
534,306,345,677,674,1
535,455,375,781,708,1
536,321,324,681,629,1
537,424,338,744,665,1
538,608,429,881,832,2
539,423,359,731,704,1
540,288,322,659,578,0
541,454,380,792,676,1
542,196,275,549,502,0
543,175,267,519,467,0
544,209,282,559,506,0
545,295,317,629,559,0
546,525,387,799,797,2
547,327,322,677,593,1
548,344,327,643,639,1
549,198,281,560,523,0
550,248,301,592,509,0
551,358,340,707,620,1
552,351,322,677,611,1
553,310,322,639,573,0
554,222,296,566,514,0
555,390,348,686,698,1
556,301,332,604,532,0
557,393,361,732,674,1
558,270,330,641,552,0
559,448,388,749,699,1
560,352,332,692,603,1
561,392,349,724,662,1
562,300,298,608,582,0
563,312,351,658,634,1
564,433,374,750,681,1
565,431,353,740,649,1
566,205,277,556,520,0
567,190,287,576,520,0
568,182,258,558,489,0
569,204,286,560,524,0
570,307,341,693,544,0
571,427,364,757,703,1
572,214,280,578,513,0
573,220,299,588,490,0
574,365,352,696,672,1
575,286,317,628,565,0
576,332,331,644,570,0
577,340,349,668,602,1
578,196,279,530,493,0
579,394,362,716,652,1
580,344,338,668,658,1
581,228,293,595,534,0
582,320,327,646,605,1
583,320,334,685,602,1
584,400,350,719,672,1
585,230,292,570,513,0
586,291,312,631,517,0
587,292,309,647,669,1
588,241,316,581,543,0
589,232,291,581,525,0
590,181,274,541,507,0
591,387,353,716,683,1
592,289,332,641,563,0
593,229,292,538,534,0
594,362,345,712,646,1
595,337,321,632,548,0
596,292,285,614,587,0
597,302,322,666,540,0
598,271,288,635,530,0
599,318,332,681,636,1
600,365,353,715,575,1
601,514,406,841,833,2
602,350,342,674,616,1
603,355,350,699,592,1
604,122,241,497,444,0
605,225,290,596,519,0
606,191,270,556,515,0
607,166,267,509,461,0
608,132,246,482,471,0
609,141,227,498,433,0
610,148,237,505,444,0
611,148,246,495,478,0
612,164,237,527,483,0
613,119,241,481,462,0
614,145,263,531,469,0
615,194,254,544,539,0
616,155,249,508,468,0
617,140,250,516,449,0
618,124,232,478,469,0
619,142,255,513,508,0
620,155,250,508,459,0
621,170,254,532,493,0
622,140,255,503,465,0
623,194,281,577,497,0
624,143,247,489,472,0
625,178,263,557,501,0
626,143,250,507,493,0
627,138,238,502,486,0
628,156,237,534,517,0
629,185,255,525,521,0
630,136,226,497,472,0
631,162,245,531,506,0
632,149,248,509,468,0
633,161,270,535,482,0
634,144,222,498,472,0
635,187,271,547,506,0
636,142,276,548,510,0
637,148,245,492,506,0
638,105,234,444,441,0
639,150,253,520,471,0
640,131,227,479,448,0
641,491,391,809,695,1
642,461,359,759,657,1
643,710,421,882,937,2
644,392,352,708,610,1
645,560,387,802,706,2
646,423,351,713,630,1
647,718,400,888,831,2
648,680,419,866,876,2
649,408,346,737,614,1
650,308,331,676,622,1
651,480,361,779,692,1
652,524,377,826,708,1
653,512,373,754,645,1
654,581,381,790,717,2
655,406,364,727,597,1
656,530,398,778,674,1
657,389,371,730,619,1
658,540,402,798,695,1
659,461,357,728,622,1
660,434,356,765,665,1
661,400,365,773,589,1
662,313,342,695,555,1
663,700,454,914,741,2
664,426,362,751,643,1
665,454,361,743,651,1
666,495,386,785,734,1
667,690,432,927,876,2
668,530,403,795,697,1
669,604,423,875,712,2
670,381,372,724,645,1
671,528,394,811,717,1
672,454,372,788,630,1
673,189,275,559,498,0
674,158,259,509,468,0
675,156,235,510,453,0
676,173,269,523,535,0
677,178,260,547,503,0
678,146,253,505,450,0
679,120,242,481,475,0
680,137,245,498,465,0
681,147,243,496,489,0
682,129,232,487,446,0
683,180,264,544,509,0
684,148,231,505,456,0
685,159,268,526,488,0
686,107,213,450,428,0
687,108,203,463,421,0
688,194,257,537,509,0
689,149,229,510,486,0
690,155,258,533,493,0
691,162,254,533,492,0
692,132,228,492,487,0
693,150,248,518,509,0
694,135,230,505,488,0
695,191,263,534,451,0
696,155,246,507,507,0
697,714,451,903,789,2
698,805,468,998,832,2
699,673,431,886,772,2
700,670,463,944,758,2
701,537,393,823,709,2
702,738,465,949,808,2
703,747,483,995,817,2
704,715,420,902,834,2
705,724,443,901,843,2
706,468,388,805,635,1
707,439,393,822,625,1
708,642,426,842,708,2
709,449,378,714,665,1
710,618,440,941,720,2
711,462,390,794,640,1
712,720,449,911,827,2
713,571,381,796,684,2
714,587,408,854,703,2
715,631,447,924,812,2
716,457,365,725,634,1
717,662,450,881,737,2
718,488,380,750,659,1
719,506,389,809,682,1
720,674,429,908,750,2
721,701,413,831,726,2
722,555,383,804,716,2
723,525,409,824,682,1
724,501,400,768,650,1
725,507,388,813,624,1
726,506,387,776,667,1
727,647,381,805,724,2
728,668,425,874,857,2
729,553,397,774,679,1
730,544,418,819,704,2
731,504,385,776,685,1
732,497,401,832,712,1
733,506,392,771,667,1
734,448,386,756,669,1
735,550,390,783,684,1
736,437,379,737,630,1
737,528,396,804,707,1
738,629,419,878,798,2
739,501,401,798,680,1
740,494,395,803,641,1
741,513,407,766,727,1
742,552,381,773,629,1
743,533,377,771,631,1
744,443,374,730,655,1
745,484,383,773,618,1
746,419,360,747,610,1
747,417,351,711,609,1
748,488,393,830,649,1
749,548,415,756,645,1
750,437,360,735,630,1
751,438,374,761,644,1
752,509,383,791,691,1
753,451,386,764,618,1
754,520,381,796,656,1
755,444,365,742,661,1
756,471,370,774,695,1
757,385,342,696,648,1
758,410,382,767,611,1
759,447,390,784,703,1
760,369,354,680,579,1
761,402,335,688,608,1
762,535,379,779,626,1
763,391,338,701,639,1
764,327,318,648,576,0
765,265,305,606,530,0
766,410,347,708,642,1
767,281,332,654,561,0
768,209,278,574,533,0
769,261,290,613,552,0
770,168,248,547,453,0
771,199,274,524,489,0
772,212,274,568,504,0
773,275,301,618,559,0
774,240,287,599,511,0
775,211,263,608,553,0
776,206,268,573,515,0
777,243,292,608,567,0
778,243,298,612,532,0
779,312,322,688,643,1
780,369,333,676,716,1
781,391,359,723,646,1
782,293,317,666,570,0
783,375,329,724,707,1
784,295,314,664,612,0
785,302,315,669,593,0
786,282,302,634,603,0
787,405,340,757,738,1
788,295,308,646,604,0
789,213,277,557,508,0
790,271,310,627,544,0
791,230,271,603,503,0
792,331,335,749,653,1
793,533,389,809,682,1
794,261,287,622,566,0
795,260,308,621,537,0
796,327,324,663,598,1
797,200,264,559,510,0
798,281,298,608,558,0
799,763,433,913,903,2
800,677,410,856,866,2
801,599,389,830,760,2
802,767,443,920,853,2
803,671,426,847,766,2
804,567,409,828,664,2
805,560,396,843,787,2
806,529,393,843,676,1
807,307,330,674,663,1
808,270,283,602,520,0
809,290,299,641,587,0
810,564,396,872,868,2
811,329,338,674,563,1
812,315,321,715,595,1
813,254,303,637,557,0
814,276,299,666,580,0
815,198,263,563,506,0
816,221,268,609,512,0
817,229,295,614,540,0
818,580,385,777,769,2
819,613,450,907,790,2
820,910,474,1074,1003,2
821,512,416,822,695,1
822,632,417,832,725,2
823,525,391,801,694,1
824,653,404,882,709,2
825,433,370,727,620,1
826,686,424,874,773,2
827,391,356,773,632,1
828,527,393,773,671,1
829,603,414,838,662,2
830,679,427,864,804,2
831,929,490,1039,942,2
832,474,390,760,658,1
833,526,399,788,665,1
834,515,403,805,649,1
835,854,467,998,946,2
836,574,424,845,751,2
837,495,383,836,657,1
838,510,385,836,705,1
839,806,449,967,795,2
840,518,387,809,659,1
841,913,497,1061,931,2
842,406,342,684,650,1
843,294,327,658,572,0
844,861,480,1037,895,2
845,701,460,934,761,2
846,813,438,954,962,2
847,845,485,1008,871,2
848,620,415,861,714,2
849,600,445,897,711,2
850,680,428,935,741,2
851,652,438,894,728,2
852,729,441,945,754,2
853,810,477,1006,814,2
854,676,470,928,743,2
855,557,432,885,680,2
856,671,437,932,719,2
857,760,447,957,771,2
858,925,454,1006,965,2
859,588,415,893,689,2
860,667,428,928,718,2
861,662,445,971,749,2
862,699,455,948,793,2
863,747,448,939,755,2
864,857,484,1048,828,2
865,725,443,905,739,2
866,642,441,911,753,2
867,712,449,928,774,2
868,588,435,904,693,2
869,597,424,908,692,2
870,907,504,1001,944,2
871,796,472,975,915,2
872,982,506,1058,911,2
873,681,418,964,741,2
874,326,317,647,622,1
875,335,327,664,617,1
876,277,296,593,524,0
877,270,320,635,554,0
878,307,332,683,577,1
879,360,341,656,605,1
880,302,326,633,564,0
881,350,338,702,589,1
882,361,347,689,626,1
883,295,307,627,556,0
884,734,451,983,819,2
885,310,349,738,716,1
886,320,328,701,606,1
887,310,327,642,567,0
888,483,388,854,857,2
889,273,316,625,549,0
890,329,337,679,570,1
891,638,414,891,764,2
892,601,434,868,668,2
893,567,402,828,731,2
894,666,434,928,810,2
895,746,443,939,791,2
896,544,395,818,715,2
897,948,467,1079,965,2
898,680,453,917,779,2
899,560,376,831,692,2
900,508,380,781,687,1
901,661,438,910,733,2
902,612,437,860,700,2
903,753,464,990,810,2
904,674,436,921,752,2
905,699,443,903,731,2
906,460,361,745,663,1
907,427,356,740,631,1
908,511,379,786,694,1
909,529,393,793,744,1
910,503,409,820,662,1
911,587,387,832,729,2
912,602,409,855,711,2
913,414,355,719,690,1
914,546,391,818,756,2
915,577,394,826,738,2
916,364,343,707,647,1
917,520,383,805,661,1
918,591,410,861,830,2
919,506,373,762,657,1
920,477,377,763,692,1
921,492,365,749,646,1
922,543,402,830,723,2
923,421,347,765,684,1
924,600,407,833,764,2
925,570,397,844,775,2
926,565,372,795,745,2
927,547,386,810,825,2
928,399,344,743,660,1
929,645,409,844,768,2
930,459,376,760,628,1
931,537,365,777,737,1
932,498,372,756,666,1
933,504,386,786,705,1
934,480,377,776,708,1
935,537,383,827,678,1
936,678,403,853,861,2
937,548,399,852,685,2
938,540,381,825,675,1
939,389,331,722,605,1
940,377,356,685,612,1
941,416,366,738,676,1
942,405,342,724,619,1
943,381,346,731,675,1
944,401,356,720,623,1
945,372,341,711,618,1
946,375,341,719,623,1
947,684,428,887,775,2
948,354,343,700,615,1
949,490,381,763,711,1
950,405,366,732,646,1
951,405,351,787,655,1
952,355,344,698,608,1
953,355,320,711,588,1
954,359,364,713,611,1
955,518,392,804,681,1
956,623,398,862,729,2
957,309,309,649,581,0
958,334,334,654,588,1
959,460,388,810,673,1
960,744,464,987,812,2
961,341,347,684,575,1
962,280,306,618,511,0
963,332,303,634,610,1
964,341,352,650,589,1
965,240,296,569,501,0
966,372,356,706,668,1
967,303,320,644,585,0
968,308,334,660,598,1
969,493,395,821,796,2
970,348,333,664,630,1
971,357,334,720,668,1
972,602,419,872,923,2
973,773,442,964,943,2
974,526,376,785,601,1
975,424,376,783,677,1
976,517,391,824,701,1
977,248,302,575,540,0
978,154,235,504,468,0
979,682,429,885,734,2
980,345,324,675,568,1
981,371,338,688,622,1
982,234,294,588,530,0
983,240,273,590,507,0
984,466,369,766,611,1
985,578,383,793,821,2
986,580,410,841,761,2
987,520,399,804,718,1
988,492,392,825,673,1
989,463,374,780,679,1
990,418,367,798,777,1
991,378,341,695,656,1
992,357,332,724,703,1
993,285,308,613,602,0
994,588,391,838,736,2
995,535,393,814,711,1
996,517,399,830,689,1
997,553,401,809,742,2
998,490,374,775,684,1
999,320,336,649,578,0
1000,661,407,848,829,2
1001,530,423,845,734,2
1002,318,336,666,567,0
1003,287,310,646,551,0
1004,342,331,681,591,1
1005,395,367,751,650,1
1006,469,367,781,689,1
1007,273,304,631,524,0
1008,551,376,756,722,1
1009,697,414,878,868,2
1010,455,343,747,627,1
1011,631,420,833,816,2
1012,196,282,552,495,0
1013,186,276,551,500,0
1014,215,291,582,508,0
1015,252,310,611,556,0
1016,216,290,552,525,0
1017,235,289,606,529,0
1018,226,293,580,525,0
1019,267,298,619,580,0
1020,295,310,628,612,0
1021,302,334,667,608,1
1022,209,280,582,517,0
1023,233,296,593,552,0
1024,229,292,576,555,0
1025,222,287,572,502,0
1026,428,356,766,627,1
1027,540,382,809,672,1
1028,439,353,711,630,1
1029,427,360,732,659,1
1030,571,405,813,707,2
1031,715,401,923,818,2
1032,517,394,778,673,1
1033,584,396,833,702,2
1034,353,335,679,645,1
1035,447,355,748,675,1
1036,366,324,687,615,1
1037,470,367,771,772,1
1038,521,398,823,727,1
1039,601,417,881,863,2
1040,476,361,787,656,1
1041,558,381,766,758,2
1042,346,344,698,600,1
1043,421,371,748,651,1
1044,380,348,741,603,1
1045,519,374,786,693,1
1046,424,346,717,665,1
1047,600,403,829,807,2
1048,567,366,789,725,2
1049,405,351,669,611,1
1050,552,396,819,696,2
1051,483,352,738,644,1
1052,487,375,811,689,1
1053,398,344,732,652,1
1054,430,379,763,648,1
1055,666,414,847,748,2
1056,595,392,830,722,2
1057,558,387,792,725,2
1058,448,375,776,664,1
1059,489,363,729,693,1
1060,415,359,709,640,1
1061,414,358,722,617,1
1062,500,391,804,658,1
1063,555,413,849,735,2
1064,393,358,735,649,1
1065,447,362,731,668,1
1066,585,416,840,747,2
1067,596,406,878,716,2
1068,670,417,891,784,2
1069,543,403,799,684,1
1070,392,346,704,618,1
1071,564,410,804,746,2
1072,482,363,762,660,1
1073,519,383,765,680,1
1074,431,378,737,643,1
1075,503,379,785,680,1
1076,449,358,741,656,1
1077,530,404,800,733,1
1078,374,349,710,576,1
1079,378,373,722,632,1
1080,472,380,771,662,1
1081,382,349,720,648,1
1082,470,366,739,646,1
1083,694,473,932,846,2
1084,635,416,864,814,2
1085,505,383,789,682,1
1086,610,425,883,710,2
1087,543,397,823,702,2
1088,385,351,703,620,1
1089,638,446,904,715,2
1090,431,402,787,599,1
1091,542,389,807,695,1
1092,506,393,865,773,2
1093,692,426,852,792,2
1094,481,373,789,669,1
1095,478,392,832,664,1
1096,584,433,823,665,2
1097,579,414,874,691,2
1098,377,358,686,603,1
1099,431,393,787,578,1
1100,510,396,783,653,1
1101,490,391,795,721,1
1102,274,293,650,557,0
1103,322,326,660,593,1
1104,285,311,643,534,0
1105,548,418,821,702,2
1106,322,332,673,612,1
1107,407,350,722,575,1
1108,395,337,720,726,1
1109,420,366,755,774,1
1110,228,283,572,515,0
1111,246,299,617,560,0
1112,151,257,534,460,0
1113,218,291,587,555,0
1114,469,394,801,746,1
1115,368,345,683,606,1
1116,409,338,706,690,1
1117,391,344,727,682,1
1118,323,323,667,606,1
1119,266,300,621,565,0
1120,308,316,667,566,0
1121,263,308,613,553,0
1122,434,358,767,662,1
1123,579,399,881,886,2
1124,362,331,710,594,1
1125,377,340,664,611,1
1126,352,317,668,630,1
1127,375,337,689,615,1
1128,214,279,592,513,0
1129,226,275,541,539,0
1130,315,340,708,643,1
1131,244,295,597,546,0
1132,238,289,588,562,0
1133,273,318,614,548,0
1134,385,336,723,644,1
1135,212,298,596,495,0
1136,229,290,577,547,0
1137,305,326,666,581,0
1138,280,310,616,576,0
1139,356,335,703,590,1
1140,349,334,687,612,1
1141,321,340,686,569,1
1142,254,293,604,540,0
1143,341,329,655,601,1
1144,323,332,688,567,1
1145,198,274,567,489,0
1146,204,278,548,526,0
1147,279,314,639,577,0
1148,351,320,668,668,1
1149,257,301,586,536,0
1150,293,321,643,569,0
1151,174,260,517,492,0
1152,249,299,601,556,0
1153,405,379,769,789,1
1154,304,329,682,622,1
1155,271,323,627,559,0
1156,407,362,715,675,1
1157,278,305,605,539,0
1158,301,305,672,558,0
1159,263,296,640,575,0
1160,236,290,611,566,0
1161,222,281,607,509,0
1162,212,271,567,517,0
1163,370,344,675,624,1
1164,200,262,561,522,0
1165,184,265,545,484,0
1166,219,289,599,534,0
1167,277,305,617,529,0
1168,266,301,629,544,0
1169,330,333,656,596,1
1170,278,326,655,570,0
1171,288,316,612,552,0
1172,360,322,680,683,1
1173,209,286,569,515,0
1174,213,288,585,555,0
1175,350,333,654,657,1
1176,230,284,603,559,0
1177,256,294,590,571,0
1178,234,281,594,487,0
1179,267,346,683,659,1
1180,255,295,618,527,0
1181,188,256,522,502,0
1182,304,323,660,572,0
1183,250,299,630,552,0
1184,370,341,718,675,1
1185,406,347,721,633,1
1186,401,342,715,653,1
1187,220,274,592,543,0
1188,194,291,568,506,0
1189,246,303,608,525,0
1190,557,415,844,683,2
1191,600,423,866,756,2
1192,532,417,818,660,1
1193,556,394,841,708,2
1194,735,439,934,881,2
1195,573,408,848,692,2
1196,548,410,849,651,2
1197,610,435,876,708,2
1198,250,294,606,535,0
1199,352,333,693,653,1
1200,341,321,705,689,1
1201,687,433,918,780,2
1202,343,330,691,595,1
1203,328,333,680,559,1
1204,283,302,612,554,0
1205,220,293,608,501,0
1206,223,283,573,532,0
1207,392,343,682,635,1
1208,414,373,725,687,1
1209,263,307,616,551,0
1210,318,324,659,615,1
1211,340,333,729,635,1
1212,348,349,709,631,1
1213,305,311,631,572,0
1214,333,319,675,625,1
1215,519,353,760,753,1
1216,388,361,739,605,1
1217,420,349,711,632,1
1218,463,368,767,634,1
1219,429,363,743,669,1
1220,374,335,712,644,1
1221,514,377,812,708,1
1222,522,377,800,670,1
1223,498,356,743,693,1
1224,400,342,702,619,1
1225,556,393,825,694,2
1226,649,416,861,843,2
1227,392,360,752,665,1
1228,366,340,714,597,1
1229,346,350,696,570,1
1230,452,365,824,660,1
1231,404,338,703,598,1
1232,341,338,670,570,1
1233,440,382,753,634,1
1234,391,358,694,645,1
1235,566,385,761,723,1
1236,540,367,777,730,1
1237,434,353,726,640,1
1238,479,390,800,642,1
1239,796,435,910,805,2
1240,533,396,819,650,1
1241,306,321,642,564,0
1242,455,374,771,657,1
1243,419,362,728,622,1
1244,757,456,902,774,2
1245,802,464,945,848,2
1246,548,425,845,695,2
1247,662,438,884,717,2
1248,936,504,997,893,2
1249,659,428,935,759,2
1250,743,449,921,832,2
1251,676,426,920,766,2
1252,799,449,987,911,2
1253,807,464,956,854,2
1254,528,406,827,688,1
1255,276,295,622,580,0
1256,220,296,539,494,0
1257,219,281,579,497,0
1258,179,257,525,506,0
1259,250,301,620,528,0
1260,317,327,666,575,0
1261,393,349,721,657,1
1262,295,322,615,596,0
1263,381,337,684,587,1
1264,384,344,681,618,1
1265,446,383,772,660,1
1266,468,374,788,699,1
1267,432,363,724,612,1
1268,441,357,745,639,1
1269,367,331,670,613,1
1270,350,343,707,611,1
1271,403,362,733,629,1
1272,430,377,758,674,1
1273,483,349,732,649,1
1274,540,391,804,682,1
1275,345,331,680,648,1
1276,540,383,737,700,1
1277,526,397,799,753,2
1278,628,405,822,780,2
1279,549,408,847,702,2
1280,355,337,681,662,1
1281,373,349,734,580,1
1282,523,384,800,755,1
1283,452,346,722,653,1
1284,357,334,693,586,1
1285,459,348,726,611,1
1286,477,339,762,634,1
1287,527,359,829,731,1
1288,674,410,908,814,2
1289,365,341,681,592,1
1290,511,378,787,748,1
1291,324,324,635,555,0
1292,433,358,725,649,1
1293,392,350,702,634,1
1294,433,361,748,656,1
1295,546,397,821,771,2
1296,430,371,709,629,1
1297,617,410,842,801,2
1298,374,340,694,662,1
1299,588,381,789,751,2
1300,508,378,761,714,1
1301,472,368,739,718,1
1302,414,339,727,629,1
1303,337,352,679,586,1
1304,374,353,688,622,1
1305,354,340,685,580,1
1306,394,349,723,621,1
1307,468,373,764,721,1
1308,275,316,631,552,0
1309,218,281,549,496,0
1310,215,281,574,541,0
1311,218,279,569,462,0
1312,298,314,650,576,0
1313,232,302,608,560,0
1314,227,303,596,549,0
1315,196,297,568,491,0
1316,228,295,588,513,0
1317,235,294,578,527,0
1318,212,292,588,516,0
1319,390,353,738,651,1
1320,259,335,637,517,0
1321,297,330,627,586,0
1322,279,309,647,554,0
1323,338,334,659,594,1
1324,363,351,701,671,1
1325,414,361,759,697,1
1326,192,283,523,479,0
1327,344,339,660,625,1
1328,321,329,683,563,1
1329,253,317,623,526,0
1330,170,274,547,499,0
1331,390,352,712,687,1
1332,714,446,879,748,2
1333,475,374,759,692,1
1334,465,364,756,610,1
1335,559,411,871,691,2
1336,435,369,734,709,1
1337,357,353,715,605,1
1338,484,388,788,747,1
1339,655,446,870,704,2
1340,504,407,839,686,1
1341,695,448,892,734,2
1342,655,424,872,707,2
1343,625,445,875,747,2
1344,586,432,901,764,2
1345,367,334,691,617,1
1346,599,415,863,736,2
1347,670,423,894,710,2
1348,198,272,571,547,0
1349,208,274,603,567,0
1350,187,266,583,490,0
1351,175,266,529,460,0
1352,140,227,495,495,0
1353,191,268,558,494,0
1354,163,256,544,481,0
1355,155,228,514,504,0
1356,170,268,540,528,0
1357,143,236,518,500,0
1358,133,241,528,470,0
1359,152,245,518,491,0
1360,175,267,565,487,0
1361,208,290,591,488,0
1362,208,262,574,569,0
1363,188,274,550,480,0
1364,145,243,499,474,0
1365,138,236,472,435,0
1366,120,228,474,428,0
1367,120,226,463,443,0
1368,200,250,562,513,0
1369,167,254,554,508,0
1370,194,280,606,508,0
1371,182,259,553,480,0
1372,172,250,536,469,0
1373,147,248,518,468,0
1374,165,250,529,479,0
1375,218,285,613,542,0
1376,152,227,508,532,0
1377,132,232,497,459,0
1378,131,229,485,447,0
1379,214,268,558,534,0
1380,209,279,560,531,0
1381,180,267,524,484,0
1382,197,267,552,517,0
1383,156,257,518,451,0
1384,141,254,525,450,0
1385,178,273,542,508,0
1386,188,275,584,515,0
1387,132,238,478,461,0
1388,171,271,557,482,0
1389,139,237,497,492,0
1390,210,294,560,533,0
1391,210,289,577,540,0
1392,153,248,516,482,0
1393,251,293,620,523,0
1394,189,272,558,511,0
1395,163,253,516,468,0
1396,159,249,511,460,0
1397,176,265,543,520,0
1398,163,260,550,486,0
1399,222,303,609,516,0
1400,178,274,555,477,0
1401,322,316,660,582,0
1402,356,342,693,578,1
1403,429,356,746,665,1
1404,400,354,732,664,1
1405,291,332,664,554,0
1406,303,329,654,593,0
1407,301,327,766,572,1
1408,274,306,611,551,0
1409,328,330,684,623,1
1410,218,315,603,516,0
1411,203,295,581,497,0
1412,319,329,663,546,0
1413,222,281,560,509,0
1414,257,317,616,550,0
1415,266,324,722,558,0
1416,240,314,582,525,0
1417,315,353,692,601,1
1418,288,330,655,561,0
1419,328,328,667,601,1
1420,417,368,748,690,1
1421,420,370,699,640,1
1422,415,347,707,709,1
1423,568,417,890,861,2
1424,344,340,685,591,1
1425,320,339,678,582,1
1426,268,325,624,536,0
1427,256,313,588,585,0
1428,369,355,732,702,1
1429,169,256,528,470,0
1430,213,281,601,510,0
1431,225,288,617,560,0
1432,189,270,575,490,0
1433,217,289,582,565,0
1434,327,346,749,624,1
1435,200,292,592,512,0
1436,288,313,645,571,0
1437,200,284,563,526,0
1438,234,285,593,534,0
1439,163,248,554,454,0
1440,304,323,644,604,0
1441,348,345,740,691,1
1442,393,362,722,639,1
1443,389,344,726,660,1
1444,334,348,728,620,1
1445,413,377,823,726,1
1446,226,290,607,564,0
1447,261,310,623,520,0
1448,274,303,635,616,0
1449,290,320,653,538,0
1450,278,311,629,542,0
1451,292,315,625,555,0
1452,283,329,683,582,0
1453,209,284,562,549,0
1454,218,287,562,503,0
1455,240,295,617,585,0
1456,228,298,632,549,0
1457,344,354,704,698,1
1458,353,333,698,595,1
1459,252,310,641,555,0
1460,163,251,536,510,0
1461,156,252,528,491,0
1462,154,248,530,496,0
1463,162,254,529,459,0
1464,212,279,581,542,0
1465,377,358,753,711,1
1466,262,306,659,628,0
1467,213,287,584,539,0
1468,153,253,552,531,0
1469,147,235,520,505,0
1470,125,241,507,453,0
1471,179,265,569,528,0
1472,132,237,509,459,0
1473,161,242,524,479,0
1474,157,254,534,489,0
1475,146,235,532,505,0
1476,163,258,534,518,0
1477,184,268,560,484,0
1478,157,253,523,517,0
1479,220,288,604,569,0
1480,130,216,490,468,0
1481,130,230,502,444,0
1482,178,268,555,492,0
1483,163,247,540,501,0
1484,164,262,528,514,0
1485,148,234,521,482,0
1486,421,343,722,636,1
1487,732,450,918,825,2
1488,601,400,825,697,2
1489,499,386,773,631,1
1490,418,361,758,634,1
1491,410,351,722,666,1
1492,707,434,912,765,2
1493,551,387,823,715,2
1494,596,414,865,780,2
1495,711,434,926,897,2
1496,442,360,765,751,1
1497,507,424,853,705,1
1498,609,436,930,779,2
1499,696,458,951,778,2
1500,518,392,853,698,1
1501,748,446,938,763,2
1502,597,389,823,710,2
1503,521,400,811,710,1
1504,634,409,880,748,2
1505,710,443,965,807,2
1506,686,406,904,813,2
1507,1050,465,1076,1094,2
1508,643,423,904,734,2
1509,678,413,863,826,2
1510,702,399,933,909,2
1511,621,398,857,802,2
1512,576,398,868,727,2
1513,464,383,819,771,1
1514,356,348,710,597,1
1515,378,355,717,637,1
1516,512,357,791,699,1
1517,458,369,755,671,1
1518,390,350,727,649,1
1519,585,384,795,806,2
1520,694,423,930,853,2
1521,384,347,703,624,1
1522,588,420,838,686,2
1523,708,449,938,729,2
1524,832,450,941,815,2
1525,315,317,654,606,1
1526,427,358,717,657,1
1527,388,363,738,616,1
1528,298,330,676,564,0
1529,471,379,779,637,1
1530,218,288,617,528,0
1531,511,373,758,684,1
1532,368,344,711,625,1
1533,441,370,763,725,1
1534,390,357,730,686,1
1535,493,385,812,679,1
1536,483,389,763,652,1
1537,438,373,747,632,1
1538,473,378,801,650,1
1539,406,345,738,619,1
1540,378,345,717,603,1
1541,471,366,791,745,1
1542,449,377,788,670,1
1543,462,380,788,677,1
1544,396,336,723,657,1
1545,575,392,858,692,2
1546,466,367,742,706,1
1547,453,373,769,643,1
1548,567,387,807,716,2
1549,488,377,772,680,1
1550,448,372,732,615,1
1551,527,371,803,675,1
1552,492,364,769,621,1
1553,397,346,699,606,1
1554,529,388,839,704,2
1555,493,379,804,726,1
1556,408,364,734,627,1
1557,384,369,767,719,1
1558,622,427,866,717,2
1559,544,383,804,740,2
1560,450,365,755,623,1
1561,500,397,801,637,1
1562,449,374,759,623,1
1563,527,397,808,710,1
1564,500,365,777,637,1
1565,600,416,846,707,2
1566,575,424,880,728,2
1567,456,357,758,633,1
1568,600,395,821,712,2
1569,600,407,839,777,2
1570,421,354,725,588,1
1571,409,351,714,633,1
1572,453,385,802,648,1
1573,542,398,839,761,2
1574,370,341,689,569,1
1575,435,359,743,679,1
1576,542,388,800,670,1
1577,588,406,862,752,2
1578,439,370,775,658,1
1579,425,374,740,695,1
1580,452,378,769,668,1
1581,409,351,688,613,1
1582,577,395,835,748,2
1583,367,348,691,604,1
1584,540,390,834,705,2
1585,478,392,842,679,1
1586,697,427,915,804,2
1587,596,422,843,688,2
1588,656,424,879,742,2
1589,511,404,823,665,1
1590,658,423,871,764,2
1591,506,372,774,692,1
1592,524,394,830,732,2
1593,486,383,781,663,1
1594,379,355,694,597,1
1595,551,388,834,680,2
1596,527,410,754,702,1
1597,414,370,747,590,1
1598,558,410,824,702,2
1599,498,402,789,613,1
1600,467,373,780,658,1
1601,469,369,765,684,1
1602,429,375,761,668,1
1603,486,371,800,757,1
1604,378,336,731,631,1
1605,564,411,835,699,2
1606,790,450,913,865,2
1607,567,404,814,684,2
1608,372,342,692,635,1
1609,431,353,732,706,1
1610,412,357,714,673,1
1611,287,320,648,570,0
1612,398,352,730,644,1
1613,285,302,665,538,0
1614,293,300,639,539,0
1615,435,359,731,674,1
1616,598,415,859,687,2
1617,392,347,716,609,1
1618,508,377,795,732,1
1619,646,426,889,775,2
1620,598,398,854,762,2
1621,396,346,715,631,1
1622,366,344,725,630,1
1623,516,390,828,763,2
1624,279,310,609,533,0
1625,331,334,681,641,1
1626,398,335,701,665,1
1627,246,299,599,563,0
1628,327,334,686,632,1
1629,309,317,690,593,1
1630,341,331,701,615,1
1631,367,323,707,608,1
1632,317,319,663,580,0
1633,418,353,754,646,1
1634,324,334,676,614,1
1635,317,297,645,591,0
1636,449,376,817,832,1
1637,288,306,649,587,0
1638,161,237,515,505,0
1639,235,274,563,531,0
1640,273,307,616,530,0
1641,382,343,716,663,1
1642,295,298,658,593,0
1643,566,396,805,720,2
1644,609,424,872,708,2
1645,351,332,693,625,1
1646,532,381,801,716,1
1647,469,381,748,658,1
1648,348,313,647,581,1
1649,408,358,723,609,1
1650,383,337,704,629,1
1651,224,272,570,550,0
1652,558,385,827,792,2
1653,564,423,874,767,2
1654,595,394,845,843,2
1655,651,403,856,738,2
1656,389,342,757,617,1
1657,421,340,699,612,1
1658,642,428,838,718,2
1659,425,380,751,666,1
1660,530,394,815,663,1
1661,788,459,936,941,2
1662,805,448,942,889,2
1663,767,473,964,818,2
1664,550,400,815,695,2
1665,496,375,799,663,1
1666,841,462,955,868,2
1667,652,408,869,855,2
1668,580,423,878,686,2
1669,892,467,962,903,2
1670,172,272,540,506,0
1671,269,315,639,579,0
1672,172,265,538,517,0
1673,152,251,505,499,0
1674,229,286,578,547,0
1675,184,276,565,527,0
1676,174,268,533,492,0
1677,148,248,507,504,0
1678,242,297,625,550,0
1679,214,295,592,540,0
1680,141,234,482,483,0
1681,210,280,575,527,0
1682,200,277,560,478,0
1683,148,258,523,487,0
1684,179,272,536,471,0
1685,192,270,537,519,0
1686,221,281,575,531,0
1687,188,262,537,522,0
1688,122,244,484,437,0
1689,105,193,450,445,0
1690,121,246,498,472,0
1691,173,265,538,471,0
1692,154,248,501,462,0
1693,146,254,489,446,0
1694,142,231,491,447,0
1695,168,267,522,482,0
1696,200,276,556,510,0
1697,168,260,503,489,0
1698,160,242,483,462,0
1699,140,242,478,437,0
1700,188,277,536,505,0
1701,195,287,561,527,0
1702,153,249,510,492,0
1703,129,239,491,459,0
1704,146,248,494,500,0
1705,122,237,509,448,0
1706,140,242,505,461,0
1707,129,239,485,421,0
1708,138,240,501,463,0
1709,165,261,524,459,0
1710,155,263,547,514,0
1711,166,269,532,525,0
1712,119,224,473,457,0
1713,164,257,503,489,0
1714,136,241,488,442,0
1715,129,238,475,430,0
1716,204,298,573,526,0
1717,161,253,522,457,0
1718,156,249,510,476,0
1719,144,230,511,495,0
1720,230,294,601,578,0
1721,190,279,557,483,0
1722,193,275,550,556,0
1723,214,288,578,523,0
1724,177,253,511,488,0
1725,214,281,560,531,0
1726,159,260,520,444,0
1727,154,241,529,479,0
1728,136,243,502,462,0
1729,140,237,501,483,0
1730,151,239,496,491,0
1731,170,258,515,481,0
1732,198,271,540,521,0
1733,120,230,492,421,0
1734,129,239,489,479,0
1735,208,279,578,502,0
1736,200,276,556,510,0
1737,152,243,525,469,0
1738,132,242,508,464,0
1739,141,242,498,461,0
1740,137,228,497,463,0
1741,148,248,513,487,0
1742,101,232,460,438,0
1743,182,285,561,520,0
1744,241,289,639,553,0
1745,151,255,499,446,0
1746,163,259,529,487,0
1747,178,265,523,471,0
1748,192,267,570,512,0
1749,201,283,552,574,0
1750,178,262,547,506,0
1751,217,293,575,531,0
1752,207,284,583,529,0
1753,181,277,548,468,0
1754,260,312,627,560,0
1755,217,284,589,543,0
1756,275,310,621,577,0
1757,200,278,556,495,0
1758,142,236,516,462,0
1759,601,393,787,756,2
1760,585,411,909,801,2
1761,516,394,822,691,1
1762,637,409,838,768,2
1763,398,358,733,647,1
1764,624,396,862,682,2
1765,513,407,838,697,1
1766,406,348,688,620,1
1767,449,358,758,664,1
1768,455,375,760,715,1
1769,651,395,877,821,2
1770,386,360,688,611,1
1771,488,382,788,655,1
1772,295,321,639,588,0
1773,250,302,613,527,0
1774,338,324,681,616,1
1775,358,332,682,603,1
1776,505,383,771,681,1
1777,390,360,730,624,1
1778,504,386,776,652,1
1779,557,407,802,768,2
1780,493,386,793,633,1
1781,570,389,821,672,2
1782,324,353,724,654,1
1783,348,340,707,600,1
1784,404,352,753,651,1
1785,445,351,774,684,1
1786,342,330,692,586,1
1787,411,364,737,637,1
1788,588,397,813,829,2
1789,608,404,839,688,2
1790,472,376,746,684,1
1791,508,390,812,664,1
1792,552,411,821,706,2
1793,305,309,641,570,0
1794,481,387,770,757,1
1795,526,391,801,722,1
1796,342,319,664,608,1
1797,489,419,832,657,1
1798,553,445,890,704,2
1799,496,395,788,666,1
1800,483,364,785,706,1
1801,224,285,601,539,0
1802,199,258,589,512,0
1803,240,303,595,581,0
1804,194,275,549,479,0
1805,144,251,525,498,0
1806,223,273,588,546,0
1807,234,300,606,561,0
1808,176,261,553,501,0
1809,197,278,573,512,0
1810,382,345,728,664,1
1811,421,348,733,597,1
1812,469,364,731,682,1
1813,624,410,857,705,2
1814,572,394,829,734,2
1815,186,255,537,515,0
1816,478,367,788,710,1
1817,524,390,777,717,1
1818,231,284,583,534,0
1819,676,411,875,790,2
1820,524,379,838,665,1
1821,411,360,742,625,1
1822,594,401,848,744,2
1823,280,305,649,561,0
1824,271,318,651,544,0
1825,271,304,618,547,0
1826,244,311,623,575,0
1827,358,342,652,617,1
1828,344,342,682,595,1
1829,503,383,860,694,1
1830,295,302,624,550,0
1831,243,285,609,528,0
1832,297,313,651,555,0
1833,568,381,792,672,1
1834,535,386,809,719,1
1835,678,407,859,775,2
1836,159,265,540,494,0
1837,215,280,609,535,0
1838,279,315,615,562,0
1839,375,345,687,612,1
1840,618,417,877,879,2
1841,469,368,740,739,1
1842,344,333,669,594,1
1843,448,379,823,739,1
1844,805,468,979,833,2
1845,698,421,911,827,2
1846,297,324,641,560,0
1847,251,306,601,530,0
1848,334,329,653,586,1
1849,270,313,623,524,0
1850,271,328,643,541,0
1851,116,221,478,430,0
1852,152,239,523,493,0
1853,674,438,945,783,2
1854,557,403,834,676,2
1855,413,362,740,645,1
1856,615,424,916,737,2
1857,618,415,862,716,2
1858,708,432,915,863,2
1859,720,447,881,733,2
1860,778,421,899,946,2
1861,278,306,675,530,0
1862,370,345,705,653,1
1863,758,448,948,806,2
1864,768,483,971,759,2
1865,1032,491,1111,1000,2
1866,861,483,1033,925,2
1867,682,429,911,765,2
1868,666,434,906,728,2
1869,682,429,906,734,2
1870,900,500,1094,877,2
1871,630,429,865,683,2
1872,847,478,1038,876,2
1873,389,335,689,603,1
1874,439,395,774,716,1
1875,461,366,753,664,1
1876,403,340,693,591,1
1877,548,392,813,777,2
1878,600,398,827,781,2
1879,539,376,794,656,1
1880,518,374,743,641,1
1881,714,436,889,889,2
1882,536,382,821,694,1
1883,492,394,810,603,1
1884,506,391,795,682,1
1885,533,364,766,749,1
1886,572,395,825,738,2
1887,581,396,792,695,2
1888,515,382,828,680,1
1889,508,380,807,641,1
1890,396,349,731,660,1
1891,395,338,737,614,1
1892,424,370,751,629,1
1893,441,355,729,687,1
1894,582,392,828,685,2
1895,582,347,743,649,1
1896,465,350,773,648,1
1897,387,333,711,574,1
1898,542,392,829,724,2
1899,519,387,786,681,1
1900,485,354,768,688,1
1901,508,373,781,729,1
1902,447,341,722,644,1
1903,535,401,798,680,1
1904,444,346,762,706,1
1905,445,369,799,676,1
1906,506,364,815,721,1
1907,547,385,870,715,2
1908,353,361,715,582,1
1909,406,349,739,618,1
1910,526,378,839,740,2
1911,516,383,774,691,1
1912,364,322,684,689,1
1913,431,359,730,678,1
1914,268,307,630,533,0
1915,409,358,736,692,1
1916,366,359,701,616,1
1917,433,353,753,690,1
1918,350,354,690,599,1
1919,396,356,754,602,1
1920,298,321,664,568,0
1921,643,396,853,744,2
1922,272,284,580,574,0
1923,379,343,702,681,1
1924,355,327,679,594,1
1925,366,325,673,609,1
1926,357,335,698,603,1
1927,432,348,725,673,1
1928,267,307,650,572,0
1929,603,416,914,864,2
1930,302,319,661,593,0
1931,354,325,694,612,1
1932,368,349,713,645,1
1933,234,280,589,519,0
1934,354,332,696,651,1
1935,382,327,723,609,1
1936,483,386,830,744,1
1937,250,304,618,543,0
1938,356,324,683,664,1
1939,306,317,665,561,0
1940,334,330,705,605,1
1941,255,279,599,549,0
1942,335,322,688,595,1
1943,346,328,669,644,1
1944,315,324,682,579,1
1945,338,327,699,626,1
1946,507,386,825,825,2
1947,356,337,716,567,1
1948,324,317,648,581,0
1949,269,296,641,527,0
1950,528,386,819,746,2
1951,723,406,875,842,2
1952,430,369,732,589,1
1953,517,393,796,675,1
1954,496,364,763,700,1
1955,566,398,845,666,2
1956,721,423,914,774,2
1957,572,398,821,728,2
1958,642,418,853,689,2
1959,796,481,948,922,2
1960,531,401,820,719,2
1961,686,452,963,741,2
1962,649,463,984,724,2
1963,674,435,899,726,2
1964,632,429,874,729,2
1965,797,449,910,774,2
1966,638,432,860,685,2
1967,809,489,1022,827,2
1968,635,405,875,772,2
1969,622,437,896,722,2
1970,676,454,922,685,2
1971,613,403,868,702,2
1972,697,454,928,775,2
1973,772,444,939,752,2
1974,739,441,931,763,2
1975,713,444,894,807,2
1976,767,444,963,841,2
1977,780,453,945,820,2
1978,541,404,814,657,1
1979,818,502,1038,784,2
1980,817,470,1020,820,2
1981,774,450,947,772,2
1982,799,460,985,865,2
1983,618,413,871,743,2
1984,523,390,814,706,1
1985,528,401,818,696,1
1986,656,420,864,760,2
1987,619,409,858,693,2
1988,433,371,757,631,1
1989,608,426,878,761,2
1990,481,387,818,664,1
1991,554,387,813,702,2
1992,717,450,935,815,2
1993,601,437,870,721,2
1994,561,384,859,777,2
1995,600,396,840,777,2
1996,525,385,804,634,1
1997,576,393,823,767,2
1998,565,389,795,692,2
1999,598,420,888,772,2
2000,449,369,798,635,1
2001,541,388,802,669,1
2002,514,391,824,689,1
2003,561,393,830,716,2
2004,533,382,804,685,1
2005,494,372,797,699,1
2006,423,362,748,643,1
2007,644,402,878,706,2
2008,616,441,915,674,2
2009,850,483,1060,854,2
2010,767,428,906,757,2
2011,714,438,886,718,2
2012,655,431,883,685,2
2013,742,459,962,810,2
2014,801,426,951,773,2
2015,562,396,795,642,1
2016,712,435,915,728,2
2017,631,405,878,704,2
2018,641,419,881,716,2
2019,581,382,873,668,2
2020,568,394,837,667,2
2021,791,453,969,792,2
2022,751,475,955,830,2
2023,570,392,826,705,2
2024,623,411,863,745,2
2025,624,412,876,783,2
2026,455,370,798,665,1
2027,402,358,729,616,1
2028,472,378,789,664,1
2029,423,364,739,702,1
2030,552,399,855,686,2
2031,359,335,703,616,1
2032,700,450,898,761,2
2033,558,385,789,742,2
2034,489,391,796,679,1
2035,635,405,841,765,2
2036,483,375,799,674,1
2037,746,440,916,915,2
2038,557,391,816,720,2
2039,326,336,669,547,0
2040,311,308,672,573,0
2041,451,361,720,657,1
2042,342,326,687,593,1
2043,417,345,740,696,1
2044,391,331,714,660,1
2045,268,318,642,506,0
2046,313,327,687,584,1
2047,381,338,713,691,1
2048,256,298,602,553,0
2049,470,353,751,756,1
2050,416,356,772,735,1
2051,395,358,733,637,1
2052,300,320,662,570,0
2053,270,300,594,545,0
2054,261,283,628,526,0
2055,288,305,615,544,0
2056,298,320,675,604,1
2057,311,322,643,577,0
2058,311,323,704,605,1
2059,429,365,748,660,1
2060,322,326,701,609,1
2061,246,306,603,546,0
2062,240,306,645,562,0
2063,423,364,731,710,1
2064,266,297,581,558,0
2065,407,339,719,735,1
2066,556,395,842,725,2
2067,417,361,750,674,1
2068,477,381,774,665,1
2069,465,373,766,740,1
2070,373,345,692,604,1
2071,302,338,696,600,1
2072,543,366,834,821,2
2073,277,308,632,514,0
2074,278,310,648,601,0
2075,461,366,751,762,1
2076,575,390,807,734,2
2077,363,345,725,625,1
2078,533,404,861,697,2
2079,352,349,671,594,1
2080,350,322,696,608,1
2081,406,340,717,641,1
2082,487,369,799,738,1
2083,345,336,686,610,1
2084,449,352,764,747,1
2085,262,300,629,539,0
2086,275,319,640,562,0
2087,224,278,590,537,0
2088,383,356,718,695,1
2089,324,349,683,584,1
2090,332,290,668,614,1
2091,379,346,706,622,1
2092,462,373,766,678,1
2093,382,326,691,620,1
2094,446,373,776,692,1
2095,663,440,854,741,2
2096,724,442,949,818,2
2097,408,372,771,811,1
2098,577,414,833,713,2
2099,302,309,642,577,0
2100,324,325,652,599,1
2101,281,316,688,572,0
2102,259,300,630,570,0
2103,322,330,678,644,1
2104,385,360,736,640,1
2105,363,346,697,621,1
2106,312,316,662,588,0
2107,352,332,680,594,1
2108,410,355,731,615,1
2109,294,315,639,578,0
2110,390,352,736,697,1
2111,318,324,658,599,1
2112,332,317,715,580,1
2113,558,402,821,725,2
2114,483,359,778,732,1
2115,469,370,760,664,1
2116,569,392,838,760,2
2117,267,284,613,518,0
2118,392,366,734,644,1
2119,669,413,861,802,2
2120,305,317,647,576,0
2121,295,311,633,575,0
2122,383,348,736,667,1
2123,576,403,849,799,2
2124,512,399,878,852,2
2125,459,374,757,658,1
2126,304,323,662,602,0
2127,361,323,684,609,1
2128,325,324,670,630,1
2129,319,325,675,653,1
2130,249,280,583,525,0
2131,420,358,729,640,1
2132,520,409,818,699,1
2133,497,350,756,673,1
2134,539,380,767,658,1
2135,566,391,820,698,2
2136,508,392,789,627,1
2137,476,377,783,661,1
2138,553,388,805,658,1
2139,561,391,829,730,2
2140,569,400,836,683,2
2141,583,409,834,671,2
2142,607,404,854,738,2
2143,620,432,844,715,2
2144,392,353,746,602,1
2145,757,440,1045,819,2
2146,697,448,952,793,2
2147,603,419,885,693,2
2148,534,387,805,699,1
2149,691,441,903,771,2
2150,666,433,921,724,2
2151,712,441,916,762,2
2152,523,407,835,873,2
2153,448,366,757,690,1
2154,387,358,738,593,1
2155,451,373,786,635,1
2156,380,346,714,597,1
2157,315,324,670,604,1
2158,263,309,640,507,0
2159,351,344,683,620,1
2160,303,327,676,577,0
2161,468,340,706,682,1
2162,336,320,672,603,1
2163,454,377,792,722,1
2164,285,309,603,518,0
2165,395,373,724,635,1
2166,408,360,758,612,1
2167,363,332,706,581,1
2168,364,342,713,619,1
2169,345,337,655,600,1
2170,334,327,664,571,1
2171,514,381,823,664,1
2172,316,318,676,584,1
2173,365,340,724,620,1
2174,286,317,640,581,0
2175,326,345,659,600,1
2176,270,304,628,570,0
2177,260,316,647,565,0
2178,269,300,627,566,0
2179,261,289,607,552,0
2180,404,362,767,726,1
2181,312,320,695,631,1
2182,277,305,624,556,0
2183,295,312,660,534,0
2184,600,404,851,897,2
2185,186,266,556,511,0
2186,177,249,522,508,0
2187,232,290,626,536,0
2188,207,286,605,501,0
2189,203,275,562,504,0
2190,259,291,593,545,0
2191,194,274,558,515,0
2192,242,299,610,539,0
2193,172,261,537,480,0
2194,226,276,582,570,0
2195,218,264,574,509,0
2196,222,284,570,519,0
2197,213,277,568,536,0
2198,270,304,660,532,0
2199,287,314,650,571,0
2200,220,283,576,527,0
2201,183,271,563,502,0
2202,194,261,551,503,0
2203,207,271,543,443,0
2204,254,299,566,520,0
2205,563,393,868,903,2
2206,287,315,653,575,0
2207,304,316,666,569,0
2208,196,276,539,479,0
2209,201,275,568,524,0
2210,243,305,606,516,0
2211,281,305,637,542,0
2212,672,467,980,698,2
2213,359,322,664,623,1
2214,754,448,943,713,2
2215,522,379,771,686,1
2216,447,360,761,697,1
2217,431,346,772,683,1
2218,429,364,736,640,1
2219,579,389,797,743,2
2220,496,370,794,676,1
2221,554,371,797,671,1
2222,341,329,697,587,1
2223,525,382,807,698,1
2224,400,340,690,626,1
2225,680,429,861,743,2
2226,381,348,727,583,1
2227,476,358,763,640,1
2228,519,388,826,649,1
2229,418,375,788,658,1
2230,468,365,790,671,1
2231,602,400,867,760,2
2232,738,400,874,775,2
2233,413,380,751,624,1
2234,470,363,767,669,1
2235,436,359,747,631,1
2236,400,362,735,631,1
2237,367,341,702,608,1
2238,399,371,733,608,1
2239,446,407,803,723,1
2240,461,402,794,698,1
2241,559,396,822,778,2
2242,559,406,795,685,1
2243,691,439,915,774,2
2244,502,388,789,715,1
2245,662,426,894,814,2
2246,472,395,804,673,1
2247,533,414,832,689,2
2248,485,374,775,668,1
2249,600,405,862,739,2
2250,486,383,790,644,1
2251,592,409,843,720,2
2252,589,410,841,781,2
2253,631,451,910,711,2
2254,712,446,939,726,2
2255,645,440,895,798,2
2256,562,399,845,705,2
2257,573,403,897,661,2
2258,678,447,909,770,2
2259,696,458,941,753,2
2260,722,466,1018,765,2
2261,633,435,887,700,2
2262,837,492,1005,804,2
2263,719,461,976,797,2
2264,649,426,909,751,2
2265,775,481,1000,834,2
2266,567,399,841,699,2
2267,549,401,840,678,2
2268,513,372,808,655,1
2269,476,376,775,679,1
2270,536,379,792,729,1
2271,537,378,778,673,1
2272,457,375,796,673,1
2273,730,433,905,823,2
2274,575,404,868,757,2
2275,569,405,821,736,2
2276,567,403,880,658,2
2277,490,374,799,650,1
2278,640,403,859,761,2
2279,490,377,791,681,1
2280,596,396,828,755,2
2281,497,402,833,718,1
2282,551,391,848,774,2
2283,309,305,651,620,0
2284,309,309,631,619,0
2285,298,308,662,599,0
2286,238,290,595,525,0
2287,244,281,583,535,0
2288,380,308,619,567,1
2289,327,334,681,644,1
2290,220,285,591,501,0
2291,283,328,650,573,0
2292,241,299,598,551,0
2293,294,306,626,565,0
2294,271,307,626,558,0
2295,189,262,580,502,0
2296,211,277,589,479,0
2297,326,328,658,589,1
2298,233,296,609,537,0
2299,229,291,590,501,0
2300,179,247,556,463,0
2301,169,260,550,503,0
2302,249,313,588,548,0
2303,207,277,612,582,0
2304,224,299,594,529,0
2305,237,294,590,547,0
2306,180,272,532,503,0
2307,189,271,553,524,0
2308,194,277,540,487,0
2309,230,290,569,541,0
2310,201,280,563,537,0
2311,219,286,581,527,0
2312,206,295,572,520,0
2313,260,293,598,541,0
2314,225,292,598,533,0
2315,213,266,581,536,0
2316,227,279,545,520,0
2317,289,317,656,580,0
2318,205,275,556,513,0
2319,200,282,571,504,0
2320,212,275,580,531,0
2321,300,307,683,591,0
2322,268,303,621,528,0
2323,329,333,684,578,1
2324,445,363,780,735,1
2325,338,317,662,567,1
2326,270,294,644,517,0
2327,369,343,696,588,1
2328,233,280,601,589,0
2329,266,285,610,550,0
2330,292,317,634,562,0
2331,226,288,591,575,0
2332,222,260,562,545,0
2333,241,302,603,542,0
2334,224,291,602,546,0
2335,244,293,607,557,0
2336,252,291,603,533,0
2337,324,354,742,596,1
2338,262,306,647,561,0
2339,451,365,735,680,1
2340,406,344,735,623,1
2341,230,299,624,501,0
2342,311,317,671,564,0
2343,296,327,667,529,0
2344,273,312,652,599,0
2345,201,268,553,503,0
2346,167,254,542,509,0
2347,266,308,658,563,0
2348,231,287,601,541,0
2349,307,332,664,574,0
2350,507,392,805,738,1
2351,445,371,743,680,1
2352,400,353,725,662,1
2353,413,363,752,666,1
2354,668,405,851,794,2
2355,538,376,796,696,1
2356,634,437,899,778,2
2357,611,424,897,756,2
2358,373,358,725,631,1
2359,491,368,771,717,1
2360,563,414,867,798,2
2361,432,357,773,639,1
2362,394,348,710,673,1
2363,312,338,714,586,1
2364,409,358,765,669,1
2365,557,380,790,697,1
2366,538,384,806,708,1
2367,500,371,771,653,1
2368,574,387,798,693,2
2369,525,388,787,681,1
2370,494,388,804,721,1
2371,327,338,704,564,1
2372,571,392,829,661,2
2373,439,361,732,615,1
2374,447,390,813,604,1
2375,452,367,764,648,1
2376,554,393,859,799,2
2377,446,362,817,636,1
2378,464,353,779,755,1
2379,449,376,803,619,1
2380,336,310,651,572,0
2381,419,363,735,682,1
2382,587,398,855,775,2
2383,712,433,853,766,2
2384,644,413,899,741,2
2385,696,426,888,763,2
2386,540,398,810,691,1
2387,571,404,867,747,2
2388,488,369,761,667,1
2389,439,369,759,662,1
2390,449,362,753,731,1
2391,395,354,771,633,1
2392,534,392,823,694,1
2393,357,347,703,636,1
2394,447,363,743,659,1
2395,745,466,966,808,2
2396,812,453,957,873,2
2397,520,389,815,708,1
2398,437,344,720,640,1
2399,641,419,898,752,2
2400,432,363,736,676,1
2401,588,391,803,794,2
2402,495,396,803,639,1
2403,633,429,924,757,2
2404,613,450,886,714,2
2405,666,454,985,701,2
2406,803,476,998,787,2
2407,713,449,983,760,2
2408,761,465,998,756,2
2409,721,441,974,756,2
2410,648,422,876,725,2
2411,915,497,1048,896,2
2412,614,431,924,713,2
2413,704,447,912,774,2
2414,670,423,875,840,2
2415,463,372,765,693,1
2416,538,405,843,642,1
2417,535,378,794,705,1
2418,612,420,883,816,2
2419,539,370,859,658,1
2420,593,405,827,720,2
2421,640,405,851,751,2
2422,460,356,779,688,1
2423,623,393,856,824,2
2424,642,419,860,821,2
2425,259,305,635,546,0
2426,251,297,655,576,0
2427,214,294,598,564,0
2428,414,350,732,633,1
2429,333,343,733,608,1
2430,202,295,590,538,0
2431,235,313,631,554,0
2432,188,268,558,510,0
2433,187,261,560,527,0
2434,184,266,574,531,0
2435,239,300,602,538,0
2436,261,300,622,570,0
2437,238,310,605,573,0
2438,214,277,602,549,0
2439,270,307,622,565,0
2440,288,304,622,590,0
2441,334,310,639,555,0
2442,373,349,700,612,1
2443,526,360,784,630,1
2444,339,323,687,576,1
2445,298,299,657,560,0
2446,289,334,688,575,0
2447,241,284,598,533,0
2448,254,304,591,563,0
2449,313,311,660,578,0
2450,253,294,610,540,0
2451,297,314,637,563,0
2452,279,303,625,567,0
2453,267,297,597,529,0
2454,319,316,678,540,0
2455,328,323,671,591,1
2456,311,314,655,547,0
2457,449,357,736,666,1
2458,429,360,747,721,1
2459,286,323,622,519,0
2460,311,322,665,613,1
2461,323,318,667,627,1
2462,222,282,570,515,0
2463,280,315,651,597,0
2464,248,316,666,522,0
2465,235,297,591,552,0
2466,277,298,612,557,0
2467,233,414,587,522,0
2468,171,262,520,482,0
2469,210,287,569,483,0
2470,289,294,640,594,0
2471,267,289,609,506,0
2472,197,270,549,514,0
2473,246,327,598,587,0
2474,225,288,615,534,0
2475,208,267,542,509,0
2476,196,276,582,509,0
2477,163,331,516,452,0
2478,283,300,622,554,0
2479,322,312,658,597,1
2480,315,319,674,575,1
2481,278,308,628,538,0
2482,288,308,659,580,0
2483,240,301,595,508,0
2484,289,314,627,516,0
2485,323,334,681,568,1
2486,315,330,671,565,0
2487,331,337,677,590,1
2488,243,296,629,554,0
2489,239,301,591,503,0
2490,231,305,614,534,0
2491,275,312,617,535,0
2492,233,288,580,529,0
2493,246,307,588,500,0
2494,311,334,684,614,1
2495,212,276,577,509,0
2496,167,255,509,460,0
2497,257,299,613,570,0
2498,141,246,488,488,0
2499,178,259,551,533,0
2500,148,252,513,467,0
2501,163,258,520,494,0
2502,129,211,480,471,0
2503,141,248,505,482,0
2504,185,247,539,517,0
2505,137,230,497,462,0
2506,190,263,547,548,0
2507,165,253,575,470,0
2508,140,243,492,512,0
2509,165,262,532,505,0
2510,173,257,527,489,0
2511,162,252,520,487,0
2512,157,253,533,505,0
2513,115,230,460,388,0
2514,150,257,517,498,0
2515,188,265,540,533,0
2516,163,245,541,476,0
2517,169,260,536,489,0
2518,142,249,515,469,0
2519,137,239,518,475,0
2520,165,238,524,491,0
2521,144,245,485,475,0
2522,131,227,503,451,0
2523,188,274,554,530,0
2524,145,231,501,494,0
2525,148,248,508,495,0
2526,166,245,501,518,0
2527,190,273,530,493,0
2528,165,239,541,518,0
2529,196,273,562,528,0
2530,212,277,562,581,0
2531,109,213,473,442,0
2532,153,252,522,469,0
2533,145,243,500,472,0
2534,172,261,530,500,0
2535,126,224,471,464,0
2536,145,236,493,458,0
2537,123,238,497,452,0
2538,143,231,531,479,0
2539,140,245,492,488,0
2540,480,378,777,672,1
2541,503,395,824,665,1
2542,469,356,769,630,1
2543,589,426,855,730,2
2544,678,430,907,830,2
2545,568,412,859,742,2
2546,712,419,916,793,2
2547,476,386,789,666,1
2548,532,417,873,685,2
2549,654,427,911,802,2
2550,600,391,820,671,2
2551,728,421,859,777,2
2552,714,439,953,782,2
2553,543,392,841,732,2
2554,584,416,863,779,2
2555,753,458,960,780,2
2556,654,419,880,733,2
2557,733,459,936,770,2
2558,704,427,961,771,2
2559,714,461,907,734,2
2560,693,415,870,753,2
2561,698,431,939,752,2
2562,597,426,925,728,2
2563,640,457,942,725,2
2564,702,437,918,709,2
2565,485,362,792,666,1
2566,625,398,874,749,2
2567,601,399,818,709,2
2568,455,364,787,614,1
2569,684,420,857,729,2
2570,572,397,859,762,2
2571,555,393,830,679,2
2572,531,358,774,687,1
2573,448,372,761,655,1
2574,542,380,804,672,1
2575,400,352,713,628,1
2576,422,361,733,661,1
2577,436,377,758,642,1
2578,418,341,692,635,1
2579,532,413,839,783,2
2580,504,378,789,662,1
2581,517,366,760,664,1
2582,440,360,782,644,1
2583,659,424,870,784,2
2584,524,387,776,643,1
2585,446,347,735,673,1
2586,408,367,742,624,1
2587,411,373,777,673,1
2588,423,343,705,645,1
2589,440,365,784,696,1
2590,573,408,898,881,2
2591,426,352,746,697,1
2592,302,323,634,586,0
2593,405,361,771,656,1
2594,444,361,755,627,1
2595,398,339,735,632,1
2596,561,408,851,726,2
2597,400,347,700,570,1
2598,506,345,759,657,1
2599,399,362,725,625,1
2600,420,359,740,703,1
2601,623,400,868,891,2
2602,396,353,739,638,1
2603,508,395,814,699,1
2604,501,377,819,709,1
2605,317,322,693,581,1
2606,327,317,671,554,0
2607,525,374,828,725,1
2608,493,393,819,729,1
2609,507,366,793,798,1
2610,342,331,654,622,1
2611,555,384,827,702,2
2612,441,381,742,642,1
2613,517,381,787,664,1
2614,285,324,689,522,0
2615,256,315,599,546,0
2616,273,320,625,561,0
2617,242,308,602,526,0
2618,233,290,596,539,0
2619,259,327,642,511,0
2620,219,294,550,504,0
2621,230,290,602,508,0
2622,199,273,547,478,0
2623,200,269,543,497,0
2624,306,327,684,552,0
2625,257,310,598,539,0
2626,200,293,539,519,0
2627,181,278,526,492,0
2628,198,277,533,477,0
2629,186,275,550,532,0
2630,212,280,594,535,0
2631,291,310,681,560,0
2632,370,338,691,638,1
2633,367,346,714,603,1
2634,336,337,681,622,1
2635,252,295,604,530,0
2636,329,327,678,592,1
2637,248,299,631,543,0
2638,308,322,652,613,1
2639,241,302,630,573,0
2640,249,295,609,555,0
2641,245,302,603,548,0
2642,240,291,603,561,0
2643,253,316,663,529,0
2644,431,363,781,668,1
2645,372,345,698,626,1
2646,335,323,636,609,1
2647,312,331,669,596,1
2648,316,326,670,593,1
2649,305,313,642,603,0
2650,255,302,641,532,0
2651,284,316,677,572,0
2652,225,290,614,579,0
2653,213,280,597,507,0
2654,209,281,591,520,0
2655,140,259,518,487,0
2656,127,235,484,455,0
2657,131,221,470,434,0
2658,207,272,573,569,0
2659,135,213,477,454,0
2660,138,228,498,446,0
2661,118,235,470,461,0
2662,124,236,503,459,0
2663,158,253,534,465,0
2664,158,238,541,472,0
2665,114,207,459,461,0
2666,122,232,491,500,0
2667,158,260,522,508,0
2668,148,240,531,462,0
2669,128,233,490,444,0
2670,167,264,511,491,0
2671,881,512,1038,842,2
2672,690,473,989,761,2
2673,708,453,989,756,2
2674,583,401,891,721,2
2675,734,417,878,910,2
2676,543,393,773,667,1
2677,596,410,847,738,2
2678,496,366,792,662,1
2679,192,286,578,529,0
2680,221,292,586,567,0
2681,131,237,512,469,0
2682,133,242,498,483,0
2683,137,254,494,473,0
2684,146,252,527,514,0
2685,150,251,512,479,0
2686,176,277,555,525,0
2687,206,288,590,541,0
2688,173,263,563,501,0
2689,147,248,523,472,0
2690,169,263,547,515,0
2691,154,263,544,469,0
2692,185,257,555,520,0
2693,167,260,527,482,0
2694,169,258,542,508,0
2695,174,261,562,529,0
2696,156,266,538,503,0
2697,144,265,543,474,0
2698,191,272,587,538,0
2699,261,318,641,622,0
2700,205,280,595,540,0
2701,207,282,592,591,0
2702,130,241,515,448,0
2703,171,260,536,510,0
2704,179,268,554,555,0
2705,166,269,554,516,0
2706,174,257,542,522,0
2707,117,227,482,457,0
2708,123,232,471,460,0
2709,149,251,518,487,0
2710,157,256,505,491,0
2711,170,267,544,521,0
2712,127,248,488,420,0
2713,137,253,509,492,0
2714,125,249,492,458,0
2715,144,252,512,470,0
2716,145,244,491,472,0
2717,206,283,569,494,0
2718,149,252,505,500,0
2719,210,280,583,554,0
2720,173,253,492,461,0
2721,109,218,453,409,0
2722,175,259,531,490,0
2723,196,285,557,552,0
2724,214,286,602,549,0
2725,178,272,541,529,0
2726,149,250,509,508,0
2727,221,288,566,546,0
2728,230,311,612,562,0
2729,224,293,572,517,0
2730,196,285,533,502,0
2731,185,259,537,509,0
2732,165,250,514,463,0
2733,175,254,541,527,0
2734,174,273,557,509,0
2735,176,280,532,437,0
2736,178,271,529,483,0
2737,200,273,564,516,0
2738,176,284,547,491,0
2739,187,256,570,572,0
2740,151,264,546,482,0
2741,130,244,503,475,0
2742,150,257,537,516,0
2743,152,249,523,472,0
2744,200,279,580,510,0
2745,159,258,522,495,0
2746,136,236,485,449,0
2747,165,263,551,517,0
2748,156,254,502,499,0
2749,177,268,534,512,0
2750,160,255,515,493,0
2751,168,266,537,506,0
2752,142,238,514,493,0
2753,201,279,598,516,0
2754,170,280,558,493,0
2755,149,249,502,481,0
2756,153,248,502,505,0
2757,153,248,523,472,0
2758,114,227,459,417,0
2759,188,281,558,499,0
2760,210,293,565,529,0
2761,184,274,536,502,0
2762,691,461,859,687,2
2763,624,459,852,693,2
2764,360,352,665,618,1
2765,479,384,782,707,1
2766,468,416,820,644,1
2767,713,475,958,796,2
2768,640,449,865,890,2
2769,621,440,928,747,2
2770,801,475,922,755,2
2771,673,450,872,719,2
2772,506,398,828,664,1
2773,512,416,853,702,1
2774,510,410,777,689,1
2775,502,385,750,662,1
2776,329,342,788,553,1
2777,350,349,678,584,1
2778,334,353,683,589,1
2779,638,425,877,769,2
2780,761,477,934,791,2
2781,447,384,768,671,1
2782,373,354,693,600,1
2783,508,409,811,680,1
2784,379,375,748,629,1
2785,544,400,801,665,1
2786,322,339,661,614,1
2787,428,377,740,623,1
2788,631,448,861,697,2
2789,596,414,831,711,2
2790,390,370,699,614,1
2791,479,387,807,710,1
2792,471,378,760,694,1
2793,511,412,810,707,1
2794,154,255,531,487,0
2795,123,240,493,487,0
2796,245,315,629,539,0
2797,235,287,571,524,0
2798,311,343,667,565,0
2799,343,349,679,617,1
2800,334,328,655,623,1
2801,334,324,661,606,1
2802,369,357,687,618,1
2803,271,311,616,568,0
2804,327,328,637,599,1
2805,297,332,631,557,0
2806,402,369,754,685,1
2807,309,325,675,596,1
2808,264,319,642,548,0
2809,353,358,690,649,1
2810,443,369,803,685,1
2811,306,346,652,607,1
2812,344,337,695,588,1
2813,320,355,660,593,1
2814,288,322,636,548,0
2815,359,355,713,663,1
2816,340,344,662,616,1
2817,327,332,662,582,1
2818,326,331,677,603,1
2819,334,340,703,665,1
2820,200,273,569,518,0
2821,213,286,582,505,0
2822,241,296,617,575,0
2823,170,278,574,486,0
2824,339,362,692,615,1
2825,425,374,743,647,1
2826,297,315,644,592,0
2827,291,329,663,640,1
2828,262,313,638,572,0
2829,266,328,593,552,0
2830,351,334,671,638,1
2831,390,349,709,658,1
2832,353,341,688,595,1
2833,417,383,715,700,1
2834,363,333,674,613,1
2835,458,373,734,730,1
2836,326,314,641,562,0
2837,209,272,589,550,0
2838,188,264,529,489,0
2839,192,272,554,506,0
2840,360,334,679,642,1
2841,344,344,688,655,1
2842,392,359,720,695,1
2843,185,259,551,526,0
2844,156,258,522,484,0
2845,207,272,561,550,0
2846,188,247,561,546,0
2847,170,286,560,517,0
2848,161,276,507,494,0
2849,187,276,562,501,0
2850,165,262,537,490,0
2851,149,257,500,459,0
2852,158,270,544,504,0
2853,185,280,539,498,0
2854,135,258,495,460,0
2855,163,263,527,493,0
2856,167,280,532,478,0
2857,163,268,536,523,0
2858,150,259,532,506,0
2859,173,265,534,498,0
2860,176,273,545,518,0
2861,185,263,529,528,0
2862,140,225,490,447,0
2863,197,279,587,462,0
2864,182,262,537,510,0
2865,179,288,532,515,0
2866,174,252,558,492,0
2867,152,252,523,497,0
2868,177,276,563,514,0
2869,123,220,494,460,0
2870,146,254,531,512,0
2871,155,251,509,474,0
2872,172,272,535,519,0
2873,213,289,558,521,0
2874,185,269,542,457,0
2875,154,245,562,483,0
2876,185,269,543,493,0
2877,172,263,517,477,0
2878,145,261,514,496,0
2879,182,268,551,494,0
2880,217,285,589,531,0
2881,209,291,597,547,0
2882,144,252,495,477,0
2883,155,258,532,473,0
2884,165,263,522,510,0
2885,137,256,505,496,0
2886,227,278,585,565,0
2887,172,253,528,508,0
2888,222,280,586,580,0
2889,172,252,567,512,0
2890,208,284,593,514,0
2891,162,262,543,476,0
2892,159,241,519,505,0
2893,190,277,579,528,0
2894,207,302,610,577,0
2895,130,222,480,480,0
2896,154,255,528,506,0
2897,138,231,534,519,0
2898,164,247,530,491,0
2899,195,265,568,535,0
2900,189,260,554,520,0
2901,157,253,514,512,0
2902,173,277,519,482,0
2903,162,256,514,483,0
2904,160,254,499,476,0
2905,206,284,584,542,0
2906,415,384,745,684,1
2907,387,347,758,652,1
2908,310,324,646,558,0
2909,187,284,570,528,0
2910,370,371,710,669,1
2911,403,362,712,661,1
2912,373,342,684,644,1
2913,390,336,676,667,1
2914,336,328,694,591,1
2915,289,334,637,537,0
2916,294,325,620,574,0
2917,351,353,659,609,1
2918,350,328,621,568,0
2919,320,352,659,610,1
2920,332,341,694,572,1
2921,365,353,672,608,1
2922,200,277,559,557,0
2923,190,284,589,507,0
2924,195,270,553,512,0
2925,186,261,565,500,0
2926,365,351,706,622,1
2927,286,322,639,516,0
2928,348,340,691,619,1
2929,264,318,642,525,0
2930,200,291,583,524,0
2931,424,354,736,698,1
2932,306,311,642,568,0
2933,290,307,634,560,0
2934,383,350,770,662,1
2935,233,288,595,538,0
2936,182,282,556,502,0
2937,279,314,634,620,0
2938,211,286,587,550,0
2939,174,262,530,499,0
2940,244,293,617,591,0
2941,182,270,561,505,0
2942,200,283,579,491,0
2943,182,273,562,510,0
2944,143,252,521,505,0
2945,132,247,498,485,0
2946,187,270,540,506,0
2947,294,313,649,566,0
2948,405,367,746,654,1
2949,375,344,737,661,1
2950,369,346,700,655,1
2951,218,311,596,502,0
2952,659,460,961,899,2
2953,386,356,737,726,1
2954,365,349,717,628,1
2955,403,368,695,676,1
2956,491,395,805,664,1
2957,562,407,853,746,2
2958,596,405,868,732,2
2959,406,361,749,641,1
2960,371,340,720,610,1
2961,318,329,714,602,1
2962,443,379,733,653,1
2963,293,314,637,603,0
2964,352,340,684,597,1
2965,332,319,694,575,1
2966,284,322,640,577,0
2967,543,401,836,680,2
2968,311,342,683,578,1
2969,241,296,630,562,0
2970,220,282,591,547,0
2971,226,292,610,580,0
2972,274,316,660,556,0
2973,154,254,530,472,0
2974,181,265,546,538,0
2975,151,251,539,499,0
2976,147,249,527,523,0
2977,146,260,542,530,0
2978,167,263,546,557,0
2979,127,240,491,450,0
2980,140,247,508,470,0
2981,429,363,765,685,1
2982,450,365,780,767,1
2983,200,282,585,525,0
2984,160,268,535,525,0
2985,416,341,730,675,1
2986,324,329,685,617,1
2987,561,385,814,711,2
2988,460,362,780,641,1
2989,530,383,826,675,1
2990,378,337,728,615,1
2991,403,382,767,665,1
2992,568,396,830,724,2
2993,563,418,870,795,2
2994,440,362,731,677,1
2995,433,368,775,689,1
2996,472,371,777,682,1
2997,400,345,713,589,1
2998,288,313,653,571,0
2999,315,340,700,597,1
3000,446,361,748,727,1
3001,432,367,763,605,1
3002,415,366,746,659,1
3003,317,325,679,578,1
3004,517,377,752,670,1
3005,473,370,772,703,1
3006,422,368,790,746,1
3007,344,326,713,622,1
3008,463,350,732,765,1
3009,307,316,662,592,0
3010,373,345,725,660,1
3011,515,392,819,738,1
3012,492,384,822,783,1
3013,343,327,705,638,1
3014,312,324,710,615,1
3015,403,358,733,697,1
3016,433,365,765,641,1
3017,418,349,708,710,1
3018,540,403,815,705,2
3019,284,333,652,566,0
3020,709,426,903,800,2
3021,439,383,742,678,1
3022,304,325,660,570,0
3023,232,290,616,581,0
3024,313,331,660,582,0
3025,265,314,644,679,0
3026,312,332,672,585,1
3027,593,404,798,728,2
3028,413,345,735,644,1
3029,652,425,846,865,2
3030,532,404,853,678,2
3031,599,417,804,763,2
3032,574,400,800,705,2
3033,578,385,816,746,2
3034,367,348,723,604,1
3035,332,350,672,552,1
3036,504,389,806,758,1
3037,388,354,722,625,1
3038,447,381,785,758,1
3039,388,378,715,657,1
3040,370,343,691,652,1
3041,311,328,660,629,1
3042,315,326,633,565,0
3043,275,313,625,564,0
3044,275,323,662,572,0
3045,326,349,683,618,1
3046,353,346,711,654,1
3047,465,366,746,746,1
3048,490,389,783,698,1
3049,354,333,584,632,1
3050,297,328,680,572,0
3051,512,399,834,774,2
3052,215,269,604,525,0
3053,294,323,650,691,1
3054,308,331,642,590,0
3055,594,426,833,708,2
3056,461,377,773,750,1
3057,212,288,594,534,0
3058,519,386,777,818,2
3059,355,359,709,639,1
3060,658,438,944,808,2
3061,466,333,693,614,1
3062,401,359,740,621,1
3063,483,379,802,722,1
3064,566,402,852,706,2
3065,494,391,774,704,1
3066,462,387,765,678,1
3067,278,321,655,547,0
3068,582,385,825,710,2
3069,516,395,804,766,1
3070,492,392,810,659,1
3071,420,374,726,636,1
3072,616,410,846,756,2
3073,376,352,732,642,1
3074,453,357,730,672,1
3075,490,409,868,675,1
3076,424,360,757,664,1
3077,476,372,802,692,1
3078,635,473,872,810,2
3079,803,480,983,1010,2
3080,523,399,795,666,1
3081,446,366,778,718,1
3082,406,372,804,628,1
3083,349,355,710,633,1
3084,800,472,1025,951,2
3085,534,398,830,778,2
3086,547,403,826,756,2
3087,631,421,890,791,2
3088,441,365,767,700,1
3089,381,328,680,582,1
3090,432,366,740,633,1
3091,350,334,747,617,1
3092,276,306,666,628,0
3093,430,366,746,605,1
3094,423,380,765,628,1
3095,327,337,708,597,1
3096,533,396,802,710,1
3097,420,357,788,635,1
3098,400,350,770,679,1
3099,351,346,705,621,1
3100,473,368,767,667,1
3101,513,404,808,735,1
3102,466,387,795,662,1
3103,285,309,648,549,0
3104,272,300,621,652,0
3105,314,342,675,603,1
3106,239,296,574,566,0
3107,301,325,661,694,1
3108,439,388,749,662,1
3109,211,290,574,517,0
3110,318,335,674,591,1
3111,244,298,609,532,0
3112,228,285,602,550,0
3113,321,323,666,632,1
3114,301,333,651,571,0
3115,380,354,709,629,1
3116,350,357,698,618,1
3117,265,309,623,576,0
3118,487,406,799,732,1
3119,372,342,679,675,1
3120,229,295,623,524,0
3121,240,296,613,505,0
3122,243,300,606,537,0
3123,533,380,805,692,1
3124,544,425,821,729,2
3125,213,284,611,542,0
3126,316,335,685,680,1
3127,229,307,623,555,0
3128,402,356,750,606,1
3129,269,301,642,593,0
3130,222,289,583,491,0
3131,242,304,612,560,0
3132,258,311,650,535,0
3133,307,334,670,585,1
3134,407,362,734,670,1
3135,390,358,760,739,1
3136,508,390,835,686,1
3137,273,311,657,544,0
3138,268,336,637,576,0
3139,541,403,804,760,2
3140,263,318,539,535,0
3141,408,349,721,623,1
3142,368,344,710,649,1
3143,143,232,491,496,0
3144,174,277,566,532,0
3145,195,269,541,525,0
3146,181,278,551,515,0
3147,1123,509,1075,1053,2
3148,449,374,779,686,1
3149,679,446,905,788,2
3150,646,445,910,677,2
3151,741,446,926,780,2
3152,556,418,834,701,2
3153,710,426,872,802,2
3154,468,392,784,653,1
3155,648,456,911,766,2
3156,555,427,843,673,2
3157,652,442,924,705,2
3158,539,396,841,803,2
3159,304,322,663,580,0
3160,492,403,831,699,1
3161,168,272,569,501,0
3162,224,280,620,520,0
3163,197,291,588,533,0
3164,267,307,654,560,0
3165,255,298,627,595,0
3166,388,367,765,788,1
3167,316,356,744,628,1
3168,240,309,622,591,0
3169,268,319,633,560,0
3170,304,322,652,621,1
3171,206,284,604,528,0
3172,275,320,656,573,0
3173,210,289,604,516,0
3174,253,303,636,565,0
3175,256,312,644,544,0
3176,240,304,641,535,0
3177,219,291,618,546,0
3178,286,319,643,609,0
3179,224,288,612,532,0
3180,273,317,635,576,0
3181,318,330,657,567,0
3182,336,347,682,622,1
3183,247,308,631,534,0
3184,231,312,614,533,0
3185,237,297,621,556,0
3186,188,274,562,530,0
3187,224,274,565,518,0
3188,353,335,670,588,1
3189,316,433,651,597,1
3190,320,313,652,603,1
3191,488,376,764,730,1
3192,442,379,845,666,1
3193,427,379,775,673,1
3194,407,354,806,712,1
3195,491,389,777,711,1
3196,238,309,622,564,0
3197,483,373,768,712,1
3198,390,360,751,694,1
3199,402,353,749,646,1
3200,312,323,684,625,1
3201,251,319,651,594,0
3202,357,335,615,625,1
3203,352,326,689,596,1
3204,505,410,835,812,2
3205,345,345,699,598,1
3206,385,364,734,671,1
3207,298,324,652,558,0
3208,426,354,729,651,1
3209,341,349,720,641,1
3210,386,357,728,680,1
3211,254,300,604,542,0
3212,239,297,631,542,0
3213,327,353,728,701,1
3214,250,305,623,559,0
3215,261,301,580,520,0
3216,237,297,628,590,0
3217,238,299,621,517,0
3218,252,304,626,531,0
3219,404,352,723,699,1
3220,248,315,629,546,0
3221,321,338,693,627,1
3222,276,322,661,579,0
3223,527,395,822,868,2
3224,166,273,532,519,0
3225,168,270,540,464,0
3226,235,307,622,556,0
3227,187,274,586,498,0
3228,162,276,542,496,0
3229,155,262,528,488,0
3230,153,264,521,500,0
3231,148,268,523,485,0
3232,187,277,561,532,0
3233,233,297,600,536,0
3234,210,282,567,551,0
3235,184,274,560,480,0
3236,166,259,548,484,0
3237,212,297,585,535,0
3238,239,293,650,586,0
3239,190,280,580,546,0
3240,174,277,570,508,0
3241,218,297,584,555,0
3242,232,298,596,545,0
3243,229,306,599,600,0
3244,279,324,649,702,1
3245,217,295,586,498,0
3246,247,312,611,583,0
3247,196,267,542,510,0
3248,321,331,698,658,1
3249,200,295,597,534,0
3250,379,347,746,710,1
3251,272,322,651,546,0
3252,317,340,677,616,1
3253,375,361,772,690,1
3254,257,302,620,548,0
3255,238,301,636,535,0
3256,308,330,691,595,1
3257,263,301,604,523,0
3258,226,294,621,547,0
3259,279,324,624,555,0
3260,365,350,691,591,1
3261,424,365,735,663,1
3262,546,398,866,831,2
3263,266,319,640,545,0
3264,493,404,828,797,2
3265,292,320,630,555,0
3266,173,268,538,464,0
3267,184,273,547,499,0
3268,268,303,608,572,0
3269,203,274,576,498,0
3270,201,277,698,512,0
3271,191,275,569,528,0
3272,176,277,558,495,0
3273,185,267,536,452,0
3274,325,342,669,644,1
3275,296,315,683,582,0
3276,312,326,667,634,1
3277,192,289,573,508,0
3278,187,269,562,482,0
3279,287,312,651,637,0
3280,204,275,588,515,0
3281,198,282,563,512,0
3282,317,320,690,634,1
3283,257,302,612,532,0
3284,293,329,659,568,0
3285,299,311,659,642,1
3286,283,303,628,577,0
3287,265,302,614,594,0
3288,175,265,561,511,0
3289,184,270,552,498,0
3290,286,307,638,582,0
3291,292,315,636,587,0
3292,307,331,671,570,0
3293,253,318,637,551,0
3294,217,289,591,533,0
3295,177,263,544,527,0
3296,360,333,700,662,1
3297,417,362,733,672,1
3298,264,303,610,558,0
3299,180,279,568,514,0
3300,226,284,592,542,0
3301,589,427,867,718,2
3302,420,368,753,665,1
3303,414,367,765,641,1
3304,422,377,771,678,1
3305,448,377,777,670,1
3306,520,390,803,692,1
3307,542,424,873,722,2
3308,747,466,955,772,2
3309,601,406,834,728,2
3310,722,465,933,773,2
3311,786,462,922,818,2
3312,544,414,850,718,2
3313,724,465,962,758,2
3314,504,385,782,670,1
3315,715,450,888,760,2
3316,473,399,741,698,1
3317,357,364,722,639,1
3318,441,392,788,752,1
3319,343,356,702,576,1
3320,379,364,758,630,1
3321,368,360,701,611,1
3322,433,382,811,670,1
3323,592,440,921,691,2
3324,697,450,997,742,2
3325,1066,518,1123,1085,2
3326,677,443,924,849,2
3327,719,464,952,818,2
3328,822,469,987,842,2
3329,671,447,892,741,2
3330,448,382,747,631,1
3331,188,272,566,514,0
3332,149,250,527,484,0
3333,157,267,560,496,0
3334,174,277,562,512,0
3335,193,278,565,505,0
3336,164,271,542,455,0
3337,191,270,575,512,0
3338,176,268,540,517,0
3339,203,276,573,545,0
3340,170,260,543,481,0
3341,241,300,594,565,0
3342,272,320,623,536,0
3343,334,350,698,591,1
3344,331,335,664,582,1
3345,320,328,681,604,1
3346,232,290,612,535,0
3347,327,341,677,554,1
3348,281,314,631,553,0
3349,293,327,692,699,1
3350,205,275,562,537,0
3351,217,281,585,548,0
3352,259,316,632,574,0
3353,230,278,582,638,0
3354,218,287,587,534,0
3355,230,290,581,547,0
3356,254,303,617,564,0
3357,316,324,712,575,1
3358,244,305,604,527,0
3359,274,320,648,563,0
3360,195,275,570,513,0
3361,249,307,596,540,0
3362,186,270,552,528,0
3363,179,266,560,498,0
3364,225,296,619,569,0
3365,294,332,680,571,0
3366,319,321,632,600,0
3367,265,310,652,568,0
3368,288,312,674,571,0
3369,320,330,668,630,1
3370,349,332,593,622,1
3371,253,312,638,595,0
3372,448,379,757,695,1
3373,488,398,798,696,1
3374,282,325,640,559,0
3375,582,423,847,771,2
3376,342,337,718,602,1
3377,332,345,700,609,1
3378,357,337,678,582,1
3379,385,351,742,640,1
3380,466,380,771,662,1
3381,264,326,647,534,0
3382,273,314,640,546,0
3383,453,374,767,710,1
3384,505,392,808,786,2
3385,277,317,625,562,0
3386,366,335,728,699,1
3387,324,332,684,631,1
3388,505,395,854,669,1
3389,624,417,825,743,2
3390,551,397,806,715,2
3391,664,457,942,768,2
3392,718,457,982,762,2
3393,660,445,898,762,2
3394,551,399,802,690,1
3395,530,418,840,672,1
3396,414,356,706,632,1
3397,488,377,779,700,1
3398,414,361,722,602,1
3399,560,420,875,715,2
3400,541,400,826,699,2
3401,405,380,825,700,1
3402,542,400,835,727,2
3403,557,404,825,722,2
3404,489,381,792,684,1
3405,617,437,873,843,2
3406,583,414,864,851,2
3407,628,415,868,732,2
3408,599,428,859,693,2
3409,468,387,788,668,1
3410,720,447,922,818,2
3411,698,434,938,763,2
3412,749,453,933,755,2
3413,746,498,1000,774,2
3414,233,263,641,575,0
3415,678,455,952,725,2
3416,243,302,597,563,0
3417,270,322,669,611,0
3418,400,367,719,690,1
3419,656,438,922,703,2
3420,238,305,594,578,0
3421,205,295,540,523,0
3422,423,370,794,734,1
3423,643,424,853,692,2
3424,337,341,685,576,1
3425,249,296,600,570,0
3426,366,360,742,712,1
3427,835,462,977,815,2
3428,334,340,667,599,1
3429,320,331,685,598,1
3430,474,376,796,668,1
3431,567,403,837,721,2
3432,532,390,809,653,1
3433,581,375,812,654,2
3434,647,412,890,800,2
3435,579,415,838,738,2
3436,587,407,892,761,2
3437,590,402,852,745,2
3438,479,385,787,698,1
3439,474,380,773,630,1
3440,546,391,794,698,1
3441,567,395,857,751,2
3442,450,370,791,617,1
3443,741,449,969,836,2
3444,879,469,997,876,2
3445,448,380,772,615,1
3446,723,430,910,845,2
3447,730,459,906,773,2
3448,399,371,743,643,1
3449,600,400,822,702,2
3450,565,405,834,689,2
3451,650,447,886,717,2
3452,811,481,957,913,2
3453,813,482,993,832,2
3454,646,429,891,763,2
3455,502,400,825,693,1
3456,537,413,832,738,2
3457,522,385,825,760,2
3458,524,413,845,682,1
3459,604,412,855,737,2
3460,501,374,792,690,1
3461,655,434,863,714,2
3462,481,386,812,700,1
3463,507,384,813,638,1
3464,625,421,869,755,2
3465,525,392,818,711,1
3466,404,352,724,615,1
3467,706,433,909,773,2
3468,684,435,886,764,2
3469,579,423,858,770,2
3470,492,393,797,678,1
3471,400,345,752,667,1
3472,540,398,797,702,1
3473,528,388,852,703,2
3474,590,415,832,756,2
3475,512,404,830,715,1
3476,476,392,809,678,1
3477,416,380,775,657,1
3478,549,407,852,693,2
3479,450,387,815,661,1
3480,781,461,958,937,2
3481,651,433,930,731,2
3482,519,406,854,693,2
3483,557,396,834,740,2
3484,368,354,731,671,1
3485,325,321,673,608,1
3486,292,316,642,595,0
3487,324,333,720,628,1
3488,236,287,608,551,0
3489,342,326,688,631,1
3490,244,283,605,543,0
3491,201,278,576,502,0
3492,227,282,581,534,0
3493,283,313,668,617,0
3494,194,287,572,473,0
3495,222,293,593,506,0
3496,661,452,950,895,2
3497,532,427,852,683,2
3498,416,366,754,632,1
3499,382,354,715,615,1
3500,544,371,778,671,1
3501,151,262,532,506,0
3502,154,265,532,490,0
3503,173,274,532,502,0
3504,203,280,564,582,0
3505,131,242,490,457,0
3506,154,272,532,470,0
3507,165,256,532,500,0
3508,155,263,531,520,0
3509,162,259,529,481,0
3510,154,239,524,490,0
3511,181,279,572,487,0
3512,117,244,501,468,0
3513,163,258,550,491,0
3514,138,241,522,481,0
3515,181,259,513,500,0
3516,120,235,504,440,0
3517,126,236,463,423,0
3518,145,246,507,492,0
3519,137,238,513,484,0
3520,146,251,511,471,0
3521,214,280,563,550,0
3522,102,213,464,422,0
3523,163,261,521,481,0
3524,163,259,533,515,0
3525,188,274,546,517,0
3526,140,245,525,474,0
3527,206,292,599,555,0
3528,156,258,556,547,0
3529,220,293,596,541,0
3530,184,260,543,502,0
3531,127,235,495,472,0
3532,160,257,543,457,0
3533,179,268,567,522,0
3534,320,324,673,635,1
3535,172,269,562,538,0
3536,184,274,565,532,0
3537,117,237,498,485,0
3538,153,265,542,498,0
3539,116,226,486,445,0
3540,178,272,568,518,0
3541,160,268,530,500,0
3542,130,246,502,493,0
3543,205,276,575,606,0
3544,125,241,457,434,0
3545,150,258,528,490,0
3546,141,251,522,477,0
3547,140,246,533,505,0
3548,157,255,556,522,0
3549,132,246,505,495,0
3550,200,281,567,506,0
3551,188,280,576,526,0
3552,176,267,546,504,0
3553,153,248,511,486,0
3554,178,260,530,533,0
3555,159,252,543,507,0
3556,163,242,537,476,0
3557,149,241,493,477,0
3558,137,240,471,462,0
3559,115,236,475,433,0
3560,675,456,926,742,2
3561,558,435,903,668,2
3562,673,442,948,751,2
3563,622,427,880,685,2
3564,644,428,881,753,2
3565,646,434,867,676,2
3566,562,443,843,706,2
3567,537,407,831,702,2
3568,725,442,938,854,2
3569,760,437,950,814,2
3570,542,407,816,683,1
3571,630,407,870,747,2
3572,623,421,862,771,2
3573,516,400,817,701,1
3574,552,398,802,689,1
3575,470,373,821,642,1
3576,142,250,510,480,0
3577,182,281,566,530,0
3578,152,257,523,489,0
3579,150,246,499,502,0
3580,192,278,591,545,0
3581,167,262,532,507,0
3582,143,240,528,502,0
3583,188,273,546,537,0
3584,170,246,515,492,0
3585,170,265,535,513,0
3586,172,272,548,518,0
3587,159,263,518,495,0
3588,157,249,538,552,0
3589,196,277,564,518,0
3590,175,265,525,503,0
3591,162,252,536,457,0
3592,226,288,605,532,0
3593,328,320,671,602,1
3594,169,265,554,512,0
3595,262,307,634,558,0
3596,264,321,659,578,0
3597,415,351,769,739,1
3598,203,276,576,542,0
3599,196,279,592,519,0
3600,240,294,632,554,0
3601,194,270,540,500,0
3602,490,390,809,684,1
3603,279,315,633,643,0
3604,468,374,768,746,1
3605,200,283,540,525,0
3606,228,294,592,512,0
3607,275,330,672,585,0
3608,313,332,674,668,1
3609,164,257,525,442,0
3610,194,271,574,532,0
3611,391,349,727,670,1
3612,320,341,678,585,1
3613,300,339,665,554,0
3614,710,440,891,717,2
3615,457,380,598,694,1
3616,854,504,997,822,2
3617,817,478,1005,826,2
3618,641,481,955,686,2
3619,390,365,751,623,1
3620,478,365,747,661,1
3621,819,456,965,832,2
3622,618,429,907,703,2
3623,540,414,867,679,2
3624,557,396,840,749,2
3625,686,422,855,806,2
3626,410,372,762,623,1
3627,535,398,864,716,2
3628,593,420,861,770,2
3629,521,398,809,717,1
3630,445,372,750,650,1
3631,482,374,762,627,1
3632,642,430,871,760,2
3633,497,398,841,718,1
3634,435,384,790,700,1
3635,637,415,879,716,2
3636,431,372,766,655,1
3637,311,329,667,713,1
3638,159,264,557,514,0
3639,190,277,588,555,0
3640,160,256,538,522,0
3641,142,245,519,470,0
3642,200,275,572,505,0
3643,162,261,541,513,0
3644,146,249,515,474,0
3645,160,261,552,484,0
3646,202,272,572,537,0
3647,195,277,568,544,0
3648,193,278,567,510,0
3649,151,239,511,513,0
3650,153,260,516,492,0
3651,207,289,602,579,0
3652,133,251,520,468,0
3653,256,289,682,515,0
3654,140,233,517,461,0
3655,174,268,531,502,0
3656,152,258,532,531,0
3657,106,235,434,444,0
3658,150,232,529,513,0
3659,174,277,550,525,0
3660,175,265,536,497,0
3661,139,253,483,446,0
3662,176,267,544,509,0
3663,146,261,504,446,0
3664,210,283,555,509,0
3665,164,263,511,484,0
3666,137,235,531,482,0
3667,156,258,512,468,0
3668,181,255,514,501,0
3669,208,277,572,550,0
3670,154,269,521,552,0
3671,141,245,493,460,0
3672,158,267,501,495,0
3673,149,247,529,504,0
3674,164,263,535,509,0
3675,142,247,502,483,0
3676,168,254,529,511,0
3677,174,263,554,506,0
3678,154,257,518,491,0
3679,210,270,575,533,0
3680,121,240,484,413,0
3681,147,251,529,483,0
3682,175,265,551,493,0
3683,194,282,576,515,0
3684,222,291,633,550,0
3685,157,253,546,522,0
3686,158,254,541,514,0
3687,124,233,462,479,0
3688,176,269,532,521,0
3689,182,270,544,541,0
3690,137,259,483,503,0
3691,155,257,527,485,0
3692,140,250,524,499,0
3693,136,255,509,488,0
3694,167,260,535,499,0
3695,164,259,528,502,0
3696,140,249,528,515,0
3697,172,265,549,519,0
3698,142,246,502,483,0
3699,154,262,539,470,0
3700,194,278,573,517,0
3701,137,241,502,488,0
3702,243,295,610,547,0
3703,197,275,580,542,0
3704,203,287,587,556,0
3705,166,262,533,514,0
3706,175,254,530,521,0
3707,203,281,588,588,0
3708,192,269,561,527,0
3709,179,275,570,493,0
3710,121,231,493,472,0
3711,162,261,527,572,0
3712,196,277,572,553,0
3713,191,285,584,531,0
3714,157,260,508,494,0
3715,151,236,491,478,0
3716,188,274,562,571,0
3717,140,258,500,515,0
3718,147,245,506,462,0
3719,121,230,507,475,0
3720,294,322,673,558,0
3721,447,367,800,666,1
3722,401,343,705,676,1
3723,324,334,726,612,1
3724,853,472,1004,823,2
3725,776,438,932,828,2
3726,668,444,896,751,2
3727,849,474,999,863,2
3728,292,323,646,575,0
3729,690,429,886,766,2
3730,674,456,920,762,2
3731,566,418,812,675,2
3732,128,233,498,492,0
3733,492,393,783,680,1
3734,131,239,498,451,0
3735,255,304,621,570,0
3736,160,261,539,487,0
3737,143,252,510,460,0
3738,124,239,490,476,0
3739,184,277,560,551,0
3740,255,304,621,570,0
